Transaction_ID,Trade_ID,Type,Date,Ticker,Liquidity_Source,Support_Price,Quantity,Price,Total_Spend,Gross_PnL,Statutory_Taxes,Net_PnL,Return_Pct,Balance,Target_RR_Mode,Outcome,Chart_PNG_URI
1,0,DEPOSIT,2010-01-01,N/A,N/A,0.0,0,0.0,0.0,0.0,0.0,0.0,0.0,100000.0,N/A,DEPOSIT,N/A
2,1,BUY (ENTRY),2010-01-05,BBTC.NS,Weekly,55.6,194,60.52,11740.880000000001,0.0,0.0,0.0,0.0,88259.12,1:2,OPEN,N/A
3,1,SELL (EXIT),2010-01-08,BBTC.NS,Weekly,55.6,194,70.79,11740.880000000001,1992.38,44.09,1948.29,16.594071313223537,101948.29,1:2,Success,file:///C:/DATA/CODE/Stocks/BackTest/Plots/statement_trades/Trade_0001_BBTC.NS_2010-01-05_PROFIT.png
4,2,BUY (ENTRY),2010-01-25,SAKHTISUG.NS,Weekly,86.0,153,87.84,13439.52,0.0,0.0,0.0,0.0,88508.76999999999,1:2,OPEN,N/A
5,3,BUY (ENTRY),2010-01-25,BALRAMCHIN.NS,Weekly,120.2,155,125.12,19393.600000000002,0.0,0.0,0.0,0.0,69115.16999999998,1:2,OPEN,N/A
6,2,SELL (EXIT),2010-01-28,SAKHTISUG.NS,Weekly,86.0,153,81.32,13439.52,-997.56,44.76,-1042.32,-7.75563412979035,100905.96999999999,1:2,Fail,file:///C:/DATA/CODE/Stocks/BackTest/Plots/statement_trades/Trade_0002_SAKHTISUG.NS_2010-01-25_LOSS.png
7,3,SELL (EXIT),2010-01-28,BALRAMCHIN.NS,Weekly,120.2,155,118.68,19393.600000000002,-998.2,58.0,-1056.2,-5.446126557214751,99849.76999999999,1:2,Fail,file:///C:/DATA/CODE/Stocks/BackTest/Plots/statement_trades/Trade_0003_BALRAMCHIN.NS_2010-01-25_LOSS.png
8,4,BUY (ENTRY),2010-01-28,VINDHYATEL.NS,Weekly,178.9,49,195.19,9564.31,0.0,0.0,0.0,0.0,90285.45999999999,1:2,OPEN,N/A
9,5,BUY (ENTRY),2010-01-29,PNB.NS,Weekly,174.32,119,178.18,21203.420000000002,0.0,0.0,0.0,0.0,69082.03999999998,1:2,OPEN,N/A
10,5,SELL (EXIT),2010-02-05,PNB.NS,Weekly,174.32,119,169.83,21203.420000000002,-993.65,62.02,-1055.67,-4.97877229239434,98794.09999999999,1:2,Fail,file:///C:/DATA/CODE/Stocks/BackTest/Plots/statement_trades/Trade_0005_PNB.NS_2010-01-29_LOSS.png
11,6,BUY (ENTRY),2010-02-06,DCAL.NS,Weekly,105.05,161,104.6,16840.6,0.0,0.0,0.0,0.0,72389.19,1:2,OPEN,N/A
12,4,SELL (EXIT),2010-02-24,VINDHYATEL.NS,Weekly,178.9,49,174.82,9564.31,-998.13,36.15,-1034.28,-10.813953123644048,97759.81999999999,1:2,Fail,file:///C:/DATA/CODE/Stocks/BackTest/Plots/statement_trades/Trade_0004_VINDHYATEL.NS_2010-01-28_LOSS.png
13,6,SELL (EXIT),2010-02-24,DCAL.NS,Weekly,105.05,161,98.4,16840.6,-998.2,52.32,-1050.52,-6.238020023039559,96709.29999999999,1:2,Fail,file:///C:/DATA/CODE/Stocks/BackTest/Plots/statement_trades/Trade_0006_DCAL.NS_2010-02-06_LOSS.png
14,7,BUY (ENTRY),2010-02-24,IDEA.NS,Weekly,33.77,867,34.34,29772.780000000002,0.0,0.0,0.0,0.0,66936.51999999999,1:2,OPEN,N/A
15,8,BUY (ENTRY),2010-02-24,IDEA.NS,Weekly,33.77,867,34.34,29772.780000000002,0.0,0.0,0.0,0.0,37163.73999999998,1:2,OPEN,N/A
16,7,SELL (EXIT),2010-02-25,IDEA.NS,Weekly,33.77,867,36.65,29772.780000000002,2002.77,84.17,1918.6,6.444141259230745,98627.9,1:2,Success,file:///C:/DATA/CODE/Stocks/BackTest/Plots/statement_trades/Trade_0007_IDEA.NS_2010-02-24_PROFIT.png
17,8,SELL (EXIT),2010-02-25,IDEA.NS,Weekly,33.77,867,36.65,29772.780000000002,2002.77,84.17,1918.6,6.444141259230745,100546.5,1:2,Success,file:///C:/DATA/CODE/Stocks/BackTest/Plots/statement_trades/Trade_0008_IDEA.NS_2010-02-24_PROFIT.png
18,9,BUY (ENTRY),2010-02-25,MARUTI.NS,Weekly,1320.25,13,1390.24,18073.12,0.0,0.0,0.0,0.0,82473.38,1:2,OPEN,N/A
19,10,BUY (ENTRY),2010-02-25,TVSMOTOR.NS,Weekly,30.12,252,32.93,8298.36,0.0,0.0,0.0,0.0,74175.02,1:2,OPEN,N/A
20,10,SELL (EXIT),2010-03-31,TVSMOTOR.NS,Weekly,30.12,252,40.86,8298.36,1998.36,36.44,1961.92,23.642261844509036,102508.42,1:2,Success,file:///C:/DATA/CODE/Stocks/BackTest/Plots/statement_trades/Trade_0010_TVSMOTOR.NS_2010-02-25_PROFIT.png
21,11,BUY (ENTRY),2010-03-31,NOCIL.NS,Monthly,21.15,1060,22.12,23447.2,0.0,0.0,0.0,0.0,60988.1,1:2,OPEN,N/A
22,9,SELL (EXIT),2010-04-09,MARUTI.NS,Weekly,1320.25,13,1316.33,18073.12,-960.83,55.1,-1015.93,-5.621220907070832,101492.49,1:2,Fail,file:///C:/DATA/CODE/Stocks/BackTest/Plots/statement_trades/Trade_0009_MARUTI.NS_2010-02-25_LOSS.png
23,11,SELL (EXIT),2010-04-09,NOCIL.NS,Monthly,21.15,1060,24.01,23447.2,2003.4,70.12,1933.28,8.245248899655396,103425.77,1:2,Success,file:///C:/DATA/CODE/Stocks/BackTest/Plots/statement_trades/Trade_0011_NOCIL.NS_2010-03-31_PROFIT.png
24,12,BUY (ENTRY),2010-04-12,ZENSARTECH.NS,Weekly,27.41,703,29.02,20401.06,0.0,0.0,0.0,0.0,83024.71,1:2,OPEN,N/A
25,12,SELL (EXIT),2010-04-13,ZENSARTECH.NS,Weekly,27.41,703,31.86,20401.06,1996.52,63.34,1933.18,9.47588017485366,105358.95,1:2,Success,file:///C:/DATA/CODE/Stocks/BackTest/Plots/statement_trades/Trade_0012_ZENSARTECH.NS_2010-04-12_PROFIT.png
26,13,BUY (ENTRY),2010-04-19,TTKHLTCARE.NS,Weekly,255.65,86,299.3,25739.8,0.0,0.0,0.0,0.0,79619.15,1:2,OPEN,N/A
27,13,SELL (EXIT),2010-04-20,TTKHLTCARE.NS,Weekly,255.65,86,322.47,25739.8,1992.62,75.2,1917.42,7.449242029852603,107276.37,1:2,Success,file:///C:/DATA/CODE/Stocks/BackTest/Plots/statement_trades/Trade_0013_TTKHLTCARE.NS_2010-04-19_PROFIT.png
28,14,BUY (ENTRY),2010-04-20,BAJAJFINSV.NS,Weekly,30.49,916,30.54,27974.64,0.0,0.0,0.0,0.0,79301.73,1:2,OPEN,N/A
29,15,BUY (ENTRY),2010-04-20,BAJAJFINSV.NS,Weekly,30.95,916,30.54,27974.64,0.0,0.0,0.0,0.0,51327.09,1:2,OPEN,N/A
30,14,SELL (EXIT),2010-04-29,BAJAJFINSV.NS,Weekly,30.49,916,32.72,27974.64,1996.88,80.17,1916.71,6.851598447736951,109193.08,1:2,Success,file:///C:/DATA/CODE/Stocks/BackTest/Plots/statement_trades/Trade_0014_BAJAJFINSV.NS_2010-04-20_PROFIT.png
31,15,SELL (EXIT),2010-04-29,BAJAJFINSV.NS,Weekly,30.95,916,32.72,27974.64,1996.88,80.17,1916.71,6.851598447736951,111109.79000000001,1:2,Success,file:///C:/DATA/CODE/Stocks/BackTest/Plots/statement_trades/Trade_0015_BAJAJFINSV.NS_2010-04-20_PROFIT.png
32,16,BUY (ENTRY),2010-04-29,SOLARINDS.NS,Weekly,83.2,133,87.29,11609.570000000002,0.0,0.0,0.0,0.0,99500.22,1:2,OPEN,N/A
33,17,BUY (ENTRY),2010-04-29,SOLARINDS.NS,Weekly,80.03,133,87.29,11609.570000000002,0.0,0.0,0.0,0.0,87890.65000000001,1:2,OPEN,N/A
34,16,SELL (EXIT),2010-05-05,SOLARINDS.NS,Weekly,83.2,133,79.81,11609.570000000002,-994.84,40.7,-1035.54,-8.919710204598447,110074.25000000001,1:2,Fail,file:///C:/DATA/CODE/Stocks/BackTest/Plots/statement_trades/Trade_0016_SOLARINDS.NS_2010-04-29_LOSS.png
35,17,SELL (EXIT),2010-05-05,SOLARINDS.NS,Weekly,80.03,133,79.81,11609.570000000002,-994.84,40.7,-1035.54,-8.919710204598447,109038.71000000002,1:2,Fail,file:///C:/DATA/CODE/Stocks/BackTest/Plots/statement_trades/Trade_0017_SOLARINDS.NS_2010-04-29_LOSS.png
36,18,BUY (ENTRY),2010-05-06,MFSL.NS,Monthly,167.25,81,178.13,14428.529999999999,0.0,0.0,0.0,0.0,94610.18000000002,1:2,OPEN,N/A
37,19,BUY (ENTRY),2010-05-06,MFSL.NS,Monthly,167.25,81,178.13,14428.529999999999,0.0,0.0,0.0,0.0,80181.65000000002,1:2,OPEN,N/A
38,18,SELL (EXIT),2010-05-27,MFSL.NS,Monthly,167.25,81,165.83,14428.529999999999,-996.3,46.96,-1043.26,-7.230535612428987,107995.45000000003,1:2,Fail,file:///C:/DATA/CODE/Stocks/BackTest/Plots/statement_trades/Trade_0018_MFSL.NS_2010-05-06_LOSS.png
39,19,SELL (EXIT),2010-05-27,MFSL.NS,Monthly,167.25,81,165.83,14428.529999999999,-996.3,46.96,-1043.26,-7.230535612428987,106952.19000000003,1:2,Fail,file:///C:/DATA/CODE/Stocks/BackTest/Plots/statement_trades/Trade_0019_MFSL.NS_2010-05-06_LOSS.png
40,20,BUY (ENTRY),2010-05-27,VEDL.NS,Weekly,332.15,40,328.23,13129.2,0.0,0.0,0.0,0.0,93822.99000000003,1:2,OPEN,N/A
41,21,BUY (ENTRY),2010-05-27,DLF.NS,Weekly,281.6,139,266.12,36990.68,0.0,0.0,0.0,0.0,56832.31000000003,1:2,OPEN,N/A
42,21,SELL (EXIT),2010-05-28,DLF.NS,Weekly,281.6,139,280.47,36990.68,1994.65,100.21,1894.44,5.121398146776431,108846.63000000003,1:2,Success,file:///C:/DATA/CODE/Stocks/BackTest/Plots/statement_trades/Trade_0021_DLF.NS_2010-05-27_PROFIT.png
43,22,BUY (ENTRY),2010-05-28,ALOKINDS.NS,Monthly,18.01,2296,18.33,42085.67999999999,0.0,0.0,0.0,0.0,53631.750000000044,1:2,OPEN,N/A
44,20,SELL (EXIT),2010-05-31,VEDL.NS,Weekly,332.15,40,377.49,13129.2,1970.4,47.15,1923.25,14.648645766687993,110769.88000000003,1:2,Success,file:///C:/DATA/CODE/Stocks/BackTest/Plots/statement_trades/Trade_0020_VEDL.NS_2010-05-27_PROFIT.png
45,22,SELL (EXIT),2010-05-31,ALOKINDS.NS,Monthly,18.01,2296,19.2,42085.67999999999,1997.52,111.53,1885.99,4.481310507517047,112655.87000000004,1:2,Success,file:///C:/DATA/CODE/Stocks/BackTest/Plots/statement_trades/Trade_0022_ALOKINDS.NS_2010-05-28_PROFIT.png
46,23,BUY (ENTRY),2010-05-31,OSWALGREEN.NS,Monthly,15.8,1137,15.01,17066.37,0.0,0.0,0.0,0.0,95589.50000000004,1:2,OPEN,N/A
47,24,BUY (ENTRY),2010-05-31,OSWALGREEN.NS,Monthly,15.8,1137,15.01,17066.37,0.0,0.0,0.0,0.0,78523.13000000003,1:2,OPEN,N/A
48,23,SELL (EXIT),2010-06-04,OSWALGREEN.NS,Monthly,15.8,1137,16.77,17066.37,2001.12,55.93,1945.19,11.397795781996994,114601.06000000004,1:2,Success,file:///C:/DATA/CODE/Stocks/BackTest/Plots/statement_trades/Trade_0023_OSWALGREEN.NS_2010-05-31_PROFIT.png
49,24,SELL (EXIT),2010-06-04,OSWALGREEN.NS,Monthly,15.8,1137,16.77,17066.37,2001.12,55.93,1945.19,11.397795781996994,116546.25000000004,1:2,Success,file:///C:/DATA/CODE/Stocks/BackTest/Plots/statement_trades/Trade_0024_OSWALGREEN.NS_2010-05-31_PROFIT.png
50,25,BUY (ENTRY),2010-06-04,GILLANDERS.NS,Weekly,86.67,165,93.69,15458.85,0.0,0.0,0.0,0.0,101087.40000000004,1:2,OPEN,N/A
51,26,BUY (ENTRY),2010-06-07,AQYLON.NS,Weekly,2615.0,1,3388.38,3388.38,0.0,0.0,0.0,0.0,97699.02000000005,1:2,OPEN,N/A
52,25,SELL (EXIT),2010-09-09,GILLANDERS.NS,Weekly,86.67,165,105.79,15458.85,1996.5,52.36,1944.14,12.576226562777956,118490.39000000004,1:2,Success,file:///C:/DATA/CODE/Stocks/BackTest/Plots/statement_trades/Trade_0025_GILLANDERS.NS_2010-06-04_PROFIT.png
53,27,BUY (ENTRY),2010-07-01,ENGINERSIN.NS,Weekly,155.75,163,160.99,26241.370000000003,0.0,0.0,0.0,0.0,88860.64000000004,1:2,OPEN,N/A
54,27,SELL (EXIT),2010-07-02,ENGINERSIN.NS,Weekly,155.75,163,173.22,26241.370000000003,1993.49,76.32,1917.17,7.305906665696188,120407.56000000004,1:2,Success,file:///C:/DATA/CODE/Stocks/BackTest/Plots/statement_trades/Trade_0027_ENGINERSIN.NS_2010-07-01_PROFIT.png
55,28,BUY (ENTRY),2010-07-02,MFSL.NS,Weekly,156.6,246,158.21,38919.66,0.0,0.0,0.0,0.0,78099.52000000005,1:2,OPEN,N/A
56,28,SELL (EXIT),2010-07-08,MFSL.NS,Weekly,156.6,246,154.15,38919.66,-998.76,101.39,-1100.15,-2.826720480086414,119307.41000000005,1:2,Fail,file:///C:/DATA/CODE/Stocks/BackTest/Plots/statement_trades/Trade_0028_MFSL.NS_2010-07-02_LOSS.png
57,29,BUY (ENTRY),2010-07-08,SHREECEM.NS,Weekly,1875.1,15,1931.88,28978.2,0.0,0.0,0.0,0.0,86940.83000000005,1:2,OPEN,N/A
58,29,SELL (EXIT),2010-07-19,SHREECEM.NS,Weekly,1875.1,15,1869.23,28978.2,-939.75,79.36,-1019.11,-3.5168160893361216,118288.30000000005,1:2,Fail,file:///C:/DATA/CODE/Stocks/BackTest/Plots/statement_trades/Trade_0029_SHREECEM.NS_2010-07-08_LOSS.png
59,30,BUY (ENTRY),2010-07-21,SANWARIA.NS,Weekly,10.69,584,12.14,7089.76,0.0,0.0,0.0,0.0,107810.16000000005,1:2,OPEN,N/A
60,26,SELL (EXIT),2010-09-23,AQYLON.NS,Weekly,2615.0,1,4570.75,3388.38,1182.37,24.69,1157.68,34.16617970829718,119445.98000000004,1:2,Success,file:///C:/DATA/CODE/Stocks/BackTest/Plots/statement_trades/Trade_0026_AQYLON.NS_2010-06-07_PROFIT.png
61,31,BUY (ENTRY),2010-09-09,NTPC.NS,Weekly,160.17,242,167.42,40515.64,0.0,0.0,0.0,0.0,71840.58000000005,1:2,OPEN,N/A
62,30,SELL (EXIT),2010-09-27,SANWARIA.NS,Weekly,10.69,584,15.56,7089.76,1997.28,33.76,1963.52,27.69515470199273,121409.50000000004,1:2,Success,file:///C:/DATA/CODE/Stocks/BackTest/Plots/statement_trades/Trade_0030_SANWARIA.NS_2010-07-21_PROFIT.png
63,32,BUY (ENTRY),2010-09-23,UNICHEMLAB.NS,Weekly,165.64,26,194.09,5046.34,0.0,0.0,0.0,0.0,75847.52000000005,1:2,OPEN,N/A
64,31,SELL (EXIT),2010-12-20,NTPC.NS,Weekly,160.17,242,175.66,40515.64,1994.08,108.04,1886.04,4.6550912190946505,123295.54000000004,1:2,Success,file:///C:/DATA/CODE/Stocks/BackTest/Plots/statement_trades/Trade_0031_NTPC.NS_2010-09-09_PROFIT.png
65,33,BUY (ENTRY),2010-09-27,ASIANHOTNR.NS,Monthly,377.0,27,305.1,8237.7,0.0,0.0,0.0,0.0,110011.50000000003,1:2,OPEN,N/A
66,33,SELL (EXIT),2010-11-26,ASIANHOTNR.NS,Monthly,377.0,27,268.73,8237.7,-981.99,33.22,-1015.21,-12.323949646139091,122280.33000000003,1:2,Fail,file:///C:/DATA/CODE/Stocks/BackTest/Plots/statement_trades/Trade_0033_ASIANHOTNR.NS_2010-09-27_LOSS.png
67,34,BUY (ENTRY),2010-11-29,SAIL.NS,Monthly,184.2,121,176.58,21366.18,0.0,0.0,0.0,0.0,95867.81000000003,1:2,OPEN,N/A
68,32,SELL (EXIT),2010-12-20,UNICHEMLAB.NS,Weekly,165.64,26,269.63,5046.34,1964.04,29.18,1934.86,38.3418477550066,124215.19000000003,1:2,Success,file:///C:/DATA/CODE/Stocks/BackTest/Plots/statement_trades/Trade_0032_UNICHEMLAB.NS_2010-09-23_PROFIT.png
69,34,SELL (EXIT),2010-12-20,SAIL.NS,Monthly,184.2,121,193.07,21366.18,1995.29,65.48,1929.81,9.032077797715829,126145.00000000003,1:2,Success,file:///C:/DATA/CODE/Stocks/BackTest/Plots/statement_trades/Trade_0034_SAIL.NS_2010-11-29_PROFIT.png
70,35,BUY (ENTRY),2010-12-20,HEROMOTOCO.NS,Monthly,1669.9,8,1704.2,13633.6,0.0,0.0,0.0,0.0,112511.40000000002,1:2,OPEN,N/A
71,36,BUY (ENTRY),2010-12-20,HEROMOTOCO.NS,Monthly,1669.9,8,1704.2,13633.6,0.0,0.0,0.0,0.0,98877.80000000003,1:2,OPEN,N/A
72,35,SELL (EXIT),2010-12-21,HEROMOTOCO.NS,Monthly,1669.9,8,1938.78,13633.6,1876.64,48.17,1828.47,13.411498063607558,127973.47000000003,1:2,Success,file:///C:/DATA/CODE/Stocks/BackTest/Plots/statement_trades/Trade_0035_HEROMOTOCO.NS_2010-12-20_PROFIT.png
73,36,SELL (EXIT),2010-12-21,HEROMOTOCO.NS,Monthly,1669.9,8,1938.78,13633.6,1876.64,48.17,1828.47,13.411498063607558,129801.94000000003,1:2,Success,file:///C:/DATA/CODE/Stocks/BackTest/Plots/statement_trades/Trade_0036_HEROMOTOCO.NS_2010-12-20_PROFIT.png
74,37,BUY (ENTRY),2010-12-21,SUBROS.NS,Weekly,39.8,925,41.04,37962.0,0.0,0.0,0.0,0.0,91839.94000000003,1:2,OPEN,N/A
75,38,BUY (ENTRY),2010-12-22,JSL.NS,Monthly,97.0,86,106.61,9168.46,0.0,0.0,0.0,0.0,82671.48000000004,1:2,OPEN,N/A
76,37,SELL (EXIT),2011-01-28,SUBROS.NS,Weekly,39.8,925,43.2,37962.0,1998.0,102.37,1895.63,4.993493493493493,131697.57000000004,1:2,Success,file:///C:/DATA/CODE/Stocks/BackTest/Plots/statement_trades/Trade_0037_SUBROS.NS_2010-12-21_PROFIT.png
77,39,BUY (ENTRY),2010-12-23,CYIENT.NS,Monthly,152.0,108,154.05,16637.4,0.0,0.0,0.0,0.0,105891.71000000004,1:2,OPEN,N/A
78,39,SELL (EXIT),2010-12-30,CYIENT.NS,Monthly,152.0,108,172.45,16637.4,1987.2,54.97,1932.23,11.613773786769567,133629.80000000005,1:2,Success,file:///C:/DATA/CODE/Stocks/BackTest/Plots/statement_trades/Trade_0039_CYIENT.NS_2010-12-23_PROFIT.png
79,40,BUY (ENTRY),2010-12-30,RECLTD.NS,Weekly,108.38,152,110.17,16745.84,0.0,0.0,0.0,0.0,107715.50000000004,1:2,OPEN,N/A
80,40,SELL (EXIT),2011-01-05,RECLTD.NS,Weekly,108.38,152,103.62,16745.84,-995.6,52.12,-1047.72,-6.256598653755202,132582.08000000005,1:2,Fail,file:///C:/DATA/CODE/Stocks/BackTest/Plots/statement_trades/Trade_0040_RECLTD.NS_2010-12-30_LOSS.png
81,41,BUY (ENTRY),2011-01-12,MALUPAPER.NS,Monthly,12.4,1140,13.86,15800.4,0.0,0.0,0.0,0.0,107613.22000000004,1:2,OPEN,N/A
82,41,SELL (EXIT),2011-01-17,MALUPAPER.NS,Monthly,12.4,1140,12.99,15800.4,-991.8,50.02,-1041.82,-6.593630540998961,131540.26000000004,1:2,Fail,file:///C:/DATA/CODE/Stocks/BackTest/Plots/statement_trades/Trade_0041_MALUPAPER.NS_2011-01-12_LOSS.png
83,42,BUY (ENTRY),2011-01-17,SUPRAJIT.NS,Weekly,20.0,1348,21.02,28334.96,0.0,0.0,0.0,0.0,94036.84000000004,1:2,OPEN,N/A
84,42,SELL (EXIT),2011-01-21,SUPRAJIT.NS,Weekly,20.0,1348,22.5,28334.96,1995.04,80.97,1914.07,6.755153351195838,133454.33000000005,1:2,Success,file:///C:/DATA/CODE/Stocks/BackTest/Plots/statement_trades/Trade_0042_SUPRAJIT.NS_2011-01-17_PROFIT.png
85,43,BUY (ENTRY),2011-01-21,FORTIS.NS,Monthly,134.65,306,134.13,41043.78,0.0,0.0,0.0,0.0,83242.09000000005,1:2,OPEN,N/A
86,43,SELL (EXIT),2011-01-27,FORTIS.NS,Monthly,134.65,306,130.87,41043.78,-997.56,106.11,-1103.67,-2.689006714293859,132350.66000000003,1:2,Fail,file:///C:/DATA/CODE/Stocks/BackTest/Plots/statement_trades/Trade_0043_FORTIS.NS_2011-01-21_LOSS.png
87,38,SELL (EXIT),2011-01-28,JSL.NS,Monthly,97.0,86,95.05,9168.46,-994.16,35.28,-1029.44,-11.228057929030614,131321.22000000003,1:2,Fail,file:///C:/DATA/CODE/Stocks/BackTest/Plots/statement_trades/Trade_0038_JSL.NS_2010-12-22_LOSS.png
88,44,BUY (ENTRY),2011-01-31,DRREDDY.NS,Weekly,323.22,111,313.71,34821.81,0.0,0.0,0.0,0.0,96499.41000000003,1:2,OPEN,N/A
89,45,BUY (ENTRY),2011-01-31,GULFPETRO.NS,Weekly,10.74,1477,10.69,15789.13,0.0,0.0,0.0,0.0,80710.28000000003,1:2,OPEN,N/A
90,44,SELL (EXIT),2011-02-09,DRREDDY.NS,Weekly,323.22,111,304.75,34821.81,-994.56,92.29,-1086.85,-3.1211760675277938,130234.37000000002,1:2,Fail,file:///C:/DATA/CODE/Stocks/BackTest/Plots/statement_trades/Trade_0044_DRREDDY.NS_2011-01-31_LOSS.png
91,46,BUY (ENTRY),2011-02-08,TVSHLTD.NS,Weekly,157.65,223,134.59,30013.57,0.0,0.0,0.0,0.0,84431.67000000003,1:2,OPEN,N/A
92,45,SELL (EXIT),2011-02-09,GULFPETRO.NS,Weekly,10.74,1477,10.01,15789.13,-1004.36,49.98,-1054.34,-6.677632016456892,129180.03000000003,1:2,Fail,file:///C:/DATA/CODE/Stocks/BackTest/Plots/statement_trades/Trade_0045_GULFPETRO.NS_2011-01-31_LOSS.png
93,46,SELL (EXIT),2011-02-09,TVSHLTD.NS,Weekly,157.65,223,130.12,30013.57,-996.81,81.6,-1078.41,-3.5930747325293195,128101.62000000002,1:2,Fail,file:///C:/DATA/CODE/Stocks/BackTest/Plots/statement_trades/Trade_0046_TVSHLTD.NS_2011-02-08_LOSS.png
94,47,BUY (ENTRY),2011-02-09,GODREJCP.NS,Weekly,117.83,213,113.38,24149.94,0.0,0.0,0.0,0.0,103951.68000000002,1:2,OPEN,N/A
95,48,BUY (ENTRY),2011-02-10,ELECON.NS,Weekly,30.05,552,31.31,17283.12,0.0,0.0,0.0,0.0,86668.56000000003,1:2,OPEN,N/A
96,47,SELL (EXIT),2011-02-15,GODREJCP.NS,Weekly,117.83,213,122.76,24149.94,1997.94,71.67,1926.27,7.976293108802755,130027.89000000003,1:2,Success,file:///C:/DATA/CODE/Stocks/BackTest/Plots/statement_trades/Trade_0047_GODREJCP.NS_2011-02-09_PROFIT.png
97,48,SELL (EXIT),2011-02-15,ELECON.NS,Weekly,30.05,552,34.93,17283.12,1998.24,56.41,1941.83,11.23541351330084,131969.72000000003,1:2,Success,file:///C:/DATA/CODE/Stocks/BackTest/Plots/statement_trades/Trade_0048_ELECON.NS_2011-02-10_PROFIT.png
98,49,BUY (ENTRY),2011-02-15,SKMEGGPROD.NS,Yearly,5.5,6263,4.9,30688.7,0.0,0.0,0.0,0.0,101281.02000000003,1:2,OPEN,N/A
99,50,BUY (ENTRY),2011-02-15,SKMEGGPROD.NS,Yearly,5.5,6263,4.9,30688.7,0.0,0.0,0.0,0.0,70592.32000000004,1:2,OPEN,N/A
100,49,SELL (EXIT),2011-02-16,SKMEGGPROD.NS,Yearly,5.5,6263,5.22,30688.7,2004.16,86.21,1917.95,6.249694512964055,133887.67000000004,1:2,Success,file:///C:/DATA/CODE/Stocks/BackTest/Plots/statement_trades/Trade_0049_SKMEGGPROD.NS_2011-02-15_PROFIT.png
101,50,SELL (EXIT),2011-02-16,SKMEGGPROD.NS,Yearly,5.5,6263,5.22,30688.7,2004.16,86.21,1917.95,6.249694512964055,135805.62000000005,1:2,Success,file:///C:/DATA/CODE/Stocks/BackTest/Plots/statement_trades/Trade_0050_SKMEGGPROD.NS_2011-02-15_PROFIT.png
102,51,BUY (ENTRY),2011-02-16,ASIANTILES.NS,Weekly,26.55,692,26.89,18607.88,0.0,0.0,0.0,0.0,117197.74000000005,1:2,OPEN,N/A
103,52,BUY (ENTRY),2011-02-17,BIRLACORPN.NS,Weekly,300.05,70,315.11,22057.7,0.0,0.0,0.0,0.0,95140.04000000005,1:2,OPEN,N/A
104,51,SELL (EXIT),2011-02-25,ASIANTILES.NS,Weekly,26.55,692,29.78,18607.88,1999.88,59.36,1940.52,10.428485136404577,137746.14000000004,1:2,Success,N/A
105,53,BUY (ENTRY),2011-02-18,TIL.NS,Weekly,515.15,72,547.55,39423.6,0.0,0.0,0.0,0.0,76264.84000000004,1:2,OPEN,N/A
106,53,SELL (EXIT),2011-02-22,TIL.NS,Weekly,515.15,72,575.21,39423.6,1991.52,105.61,1885.91,4.783708235676093,139632.05000000005,1:2,Success,N/A
107,54,BUY (ENTRY),2011-02-22,VINDHYATEL.NS,Weekly,216.15,185,197.2,36482.0,0.0,0.0,0.0,0.0,81092.35000000005,1:2,OPEN,N/A
108,54,SELL (EXIT),2011-02-23,VINDHYATEL.NS,Weekly,216.15,185,207.97,36482.0,1992.45,99.07,1893.38,5.1899018694150545,141525.43000000005,1:2,Success,N/A
109,55,BUY (ENTRY),2011-02-23,TRIVENI.NS,Monthly,46.87,421,47.27,19900.670000000002,0.0,0.0,0.0,0.0,99567.06000000006,1:2,OPEN,N/A
110,55,SELL (EXIT),2011-02-24,TRIVENI.NS,Monthly,46.87,421,44.9,19900.670000000002,-997.77,59.12,-1056.89,-5.3108262184137525,140468.54000000004,1:2,Fail,N/A
111,52,SELL (EXIT),2011-02-25,BIRLACORPN.NS,Weekly,300.05,70,301.0,22057.7,-987.7,63.93,-1051.63,-4.767632164731591,139416.91000000003,1:2,Fail,N/A
112,56,BUY (ENTRY),2011-02-28,SUNTV.NS,Monthly,376.35,56,399.4,22366.399999999998,0.0,0.0,0.0,0.0,117050.51000000004,1:2,OPEN,N/A
113,57,BUY (ENTRY),2011-02-28,SUNTV.NS,Monthly,376.35,56,399.4,22366.399999999998,0.0,0.0,0.0,0.0,94684.11000000004,1:2,OPEN,N/A
114,56,SELL (EXIT),2011-03-09,SUNTV.NS,Monthly,376.35,56,434.76,22366.399999999998,1980.16,67.69,1912.47,8.550638457686532,141329.38000000003,1:2,Success,N/A
115,57,SELL (EXIT),2011-03-09,SUNTV.NS,Monthly,376.35,56,434.76,22366.399999999998,1980.16,67.69,1912.47,8.550638457686532,143241.85000000003,1:2,Success,N/A
116,58,BUY (ENTRY),2011-03-09,TEXINFRA.NS,Yearly,34.35,472,35.19,16609.68,0.0,0.0,0.0,0.0,126632.17000000004,1:2,OPEN,N/A
117,59,BUY (ENTRY),2011-03-09,TEXINFRA.NS,Yearly,34.35,472,35.19,16609.68,0.0,0.0,0.0,0.0,110022.49000000003,1:2,OPEN,N/A
118,58,SELL (EXIT),2011-03-15,TEXINFRA.NS,Yearly,34.35,472,33.07,16609.68,-1000.64,51.81,-1052.45,-6.3363653002345615,142189.40000000002,1:2,Fail,N/A
119,59,SELL (EXIT),2011-03-15,TEXINFRA.NS,Yearly,34.35,472,33.07,16609.68,-1000.64,51.81,-1052.45,-6.3363653002345615,141136.95,1:2,Fail,N/A
120,60,BUY (ENTRY),2011-03-16,NDLVENTURE.NS,Monthly,33.26,604,32.76,19787.039999999997,0.0,0.0,0.0,0.0,121349.91000000002,1:2,OPEN,N/A
121,61,BUY (ENTRY),2011-03-16,NDLVENTURE.NS,Monthly,33.26,604,32.76,19787.039999999997,0.0,0.0,0.0,0.0,101562.87000000002,1:2,OPEN,N/A
122,60,SELL (EXIT),2011-03-30,NDLVENTURE.NS,Monthly,33.26,604,36.07,19787.039999999997,1999.24,61.98,1937.26,9.790549773993485,143074.21000000002,1:2,Success,N/A
123,61,SELL (EXIT),2011-03-30,NDLVENTURE.NS,Monthly,33.26,604,36.07,19787.039999999997,1999.24,61.98,1937.26,9.790549773993485,145011.47000000003,1:2,Success,N/A
124,62,BUY (ENTRY),2011-03-30,SUNDARMFIN.NS,Weekly,193.28,175,197.98,34646.5,0.0,0.0,0.0,0.0,110364.97000000003,1:2,OPEN,N/A
125,63,BUY (ENTRY),2011-03-30,HMVL.NS,Weekly,131.0,127,131.13,16653.51,0.0,0.0,0.0,0.0,93711.46000000004,1:2,OPEN,N/A
126,62,SELL (EXIT),2011-04-07,SUNDARMFIN.NS,Weekly,193.28,175,209.38,34646.5,1995.0,95.0,1900.0,5.483959418700302,146911.47000000003,1:2,Success,N/A
127,64,BUY (ENTRY),2011-04-01,AHLUCONT.NS,Weekly,112.55,261,112.06,29247.66,0.0,0.0,0.0,0.0,101010.30000000003,1:2,OPEN,N/A
128,64,SELL (EXIT),2011-04-04,AHLUCONT.NS,Weekly,112.55,261,119.7,29247.66,1994.04,83.0,1911.04,6.533992804894477,148822.51000000004,1:2,Success,N/A
129,65,BUY (ENTRY),2011-04-04,SUNDRMBRAK.NS,Monthly,151.0,123,165.16,20314.68,0.0,0.0,0.0,0.0,111854.32000000004,1:2,OPEN,N/A
130,63,SELL (EXIT),2011-04-07,HMVL.NS,Weekly,131.0,127,146.84,16653.51,1995.17,55.01,1940.16,11.650156633646603,150762.67000000004,1:2,Success,N/A
131,65,SELL (EXIT),2011-04-07,SUNDRMBRAK.NS,Monthly,151.0,123,181.31,20314.68,1986.45,63.14,1923.31,9.467586986356665,152685.98000000004,1:2,Success,N/A
132,66,BUY (ENTRY),2011-04-07,CALSOFT.NS,Monthly,29.2,760,33.03,25102.8,0.0,0.0,0.0,0.0,127583.18000000004,1:2,OPEN,N/A
133,67,BUY (ENTRY),2011-04-07,CALSOFT.NS,Monthly,29.2,760,33.03,25102.8,0.0,0.0,0.0,0.0,102480.38000000003,1:2,OPEN,N/A
134,66,SELL (EXIT),2011-04-08,CALSOFT.NS,Monthly,29.2,760,31.72,25102.8,-995.6,70.69,-1066.29,-4.24769348439218,151619.69000000003,1:2,Fail,N/A
135,67,SELL (EXIT),2011-04-08,CALSOFT.NS,Monthly,29.2,760,31.72,25102.8,-995.6,70.69,-1066.29,-4.24769348439218,150553.40000000002,1:2,Fail,N/A
136,68,BUY (ENTRY),2011-04-18,ALICON.NS,Monthly,81.3,203,55.86,11339.58,0.0,0.0,0.0,0.0,139213.82000000004,1:3,OPEN,N/A
137,69,BUY (ENTRY),2011-04-18,ALICON.NS,Monthly,81.3,203,55.86,11339.58,0.0,0.0,0.0,0.0,127874.24000000002,1:3,OPEN,N/A
138,68,SELL (EXIT),2011-06-22,ALICON.NS,Monthly,81.3,203,70.58,11339.58,2988.16,44.23,2943.93,25.96154354923198,153497.33000000002,1:3,Success,N/A
139,69,SELL (EXIT),2011-06-22,ALICON.NS,Monthly,81.3,203,70.58,11339.58,2988.16,44.23,2943.93,25.96154354923198,156441.26,1:3,Success,N/A
140,70,BUY (ENTRY),2011-06-22,GRASIM.NS,Monthly,337.92,81,317.72,25735.320000000003,0.0,0.0,0.0,0.0,130705.94,1:2,OPEN,N/A
141,71,BUY (ENTRY),2011-06-22,GRASIM.NS,Monthly,337.92,81,317.72,25735.320000000003,0.0,0.0,0.0,0.0,104970.62,1:2,OPEN,N/A
142,70,SELL (EXIT),2011-07-06,GRASIM.NS,Monthly,337.92,81,342.14,25735.320000000003,1978.02,75.18,1902.84,7.393885135292663,158344.1,1:2,Success,N/A
143,71,SELL (EXIT),2011-07-06,GRASIM.NS,Monthly,337.92,81,342.14,25735.320000000003,1978.02,75.18,1902.84,7.393885135292663,160246.94,1:2,Success,N/A
144,72,BUY (ENTRY),2011-07-07,FDC.NS,Monthly,90.0,241,93.54,22543.140000000003,0.0,0.0,0.0,0.0,137703.8,1:2,OPEN,N/A
145,73,BUY (ENTRY),2011-07-07,FDC.NS,Monthly,90.0,241,93.54,22543.140000000003,0.0,0.0,0.0,0.0,115160.66,1:2,OPEN,N/A
146,72,SELL (EXIT),2011-08-05,FDC.NS,Monthly,90.0,241,89.41,22543.140000000003,-995.33,65.0,-1060.33,-4.7035594863892065,159186.61000000002,1:2,Fail,N/A
147,73,SELL (EXIT),2011-08-05,FDC.NS,Monthly,90.0,241,89.41,22543.140000000003,-995.33,65.0,-1060.33,-4.7035594863892065,158126.28000000003,1:2,Fail,N/A
148,74,BUY (ENTRY),2011-08-08,VOLTAS.NS,Monthly,147.0,109,132.53,14445.77,0.0,0.0,0.0,0.0,143680.51000000004,1:2,OPEN,N/A
149,75,BUY (ENTRY),2011-08-08,VOLTAS.NS,Monthly,147.0,109,132.53,14445.77,0.0,0.0,0.0,0.0,129234.74000000002,1:2,OPEN,N/A
150,74,SELL (EXIT),2011-08-19,VOLTAS.NS,Monthly,147.0,109,123.38,14445.77,-997.35,47.0,-1044.35,-7.229451943371658,157081.93000000002,1:2,Fail,N/A
151,75,SELL (EXIT),2011-08-19,VOLTAS.NS,Monthly,147.0,109,123.38,14445.77,-997.35,47.0,-1044.35,-7.229451943371658,156037.58000000002,1:2,Fail,N/A
152,76,BUY (ENTRY),2011-08-22,TATAPOWER.NS,Monthly,109.3,205,102.56,21024.8,0.0,0.0,0.0,0.0,135012.78000000003,1:2,OPEN,N/A
153,77,BUY (ENTRY),2011-08-22,TATAPOWER.NS,Monthly,109.3,205,102.56,21024.8,0.0,0.0,0.0,0.0,113987.98000000001,1:2,OPEN,N/A
154,76,SELL (EXIT),2011-08-26,TATAPOWER.NS,Monthly,109.3,205,97.7,21024.8,-996.3,61.62,-1057.92,-5.031772002587421,154979.66,1:2,Fail,N/A
155,77,SELL (EXIT),2011-08-26,TATAPOWER.NS,Monthly,109.3,205,97.7,21024.8,-996.3,61.62,-1057.92,-5.031772002587421,153921.74,1:2,Fail,N/A
156,78,BUY (ENTRY),2011-08-29,INFY.NS,Weekly,291.12,107,281.89,30162.23,0.0,0.0,0.0,0.0,123759.51,1:2,OPEN,N/A
157,79,BUY (ENTRY),2011-08-29,UPL.NS,Weekly,93.67,359,91.89,32988.51,0.0,0.0,0.0,0.0,90770.99999999999,1:2,OPEN,N/A
158,79,SELL (EXIT),2011-08-30,UPL.NS,Weekly,93.67,359,97.45,32988.51,1996.04,91.31,1904.73,5.77391946468634,155826.47,1:2,Success,N/A
159,80,BUY (ENTRY),2011-08-30,WANBURY.NS,Yearly,24.4,1337,24.12,32248.440000000002,0.0,0.0,0.0,0.0,93415.8,1:2,OPEN,N/A
160,80,SELL (EXIT),2011-09-08,WANBURY.NS,Yearly,24.4,1337,25.62,32248.440000000002,2005.5,89.68,1915.82,5.940814501414642,157742.29,1:2,Success,N/A
161,81,BUY (ENTRY),2011-09-08,NECLIFE.NS,Monthly,22.0,919,19.47,17892.93,0.0,0.0,0.0,0.0,109687.13,1:2,OPEN,N/A
162,81,SELL (EXIT),2011-09-09,NECLIFE.NS,Monthly,22.0,919,21.65,17892.93,2003.42,57.77,1945.65,10.873847938822765,159687.94,1:2,Success,N/A
163,82,BUY (ENTRY),2011-09-13,SHREYANIND.NS,Monthly,16.25,628,21.57,13545.960000000001,0.0,0.0,0.0,0.0,115979.75,1:2,OPEN,N/A
164,78,SELL (EXIT),2011-09-16,INFY.NS,Weekly,291.12,107,300.57,30162.23,1998.76,85.04,1913.72,6.344756339302498,161601.66,1:2,Success,N/A
165,83,BUY (ENTRY),2011-09-15,TMPV.NS,Weekly,137.25,256,142.27,36421.12,0.0,0.0,0.0,0.0,111634.58,1:2,OPEN,N/A
166,82,SELL (EXIT),2011-09-16,SHREYANIND.NS,Monthly,16.25,628,19.98,13545.960000000001,-998.52,45.0,-1043.52,-7.703551464790978,160558.14,1:2,Fail,N/A
167,83,SELL (EXIT),2011-09-16,TMPV.NS,Weekly,137.25,256,150.05,36421.12,1991.68,98.94,1892.74,5.1968198671540025,162450.88,1:2,Success,N/A
168,84,BUY (ENTRY),2011-09-16,POWERGRID.NS,Monthly,53.44,660,54.28,35824.8,0.0,0.0,0.0,0.0,126626.08,1:2,OPEN,N/A
169,85,BUY (ENTRY),2011-09-16,POWERGRID.NS,Monthly,53.44,660,54.28,35824.8,0.0,0.0,0.0,0.0,90801.28,1:2,OPEN,N/A
170,84,SELL (EXIT),2011-10-25,POWERGRID.NS,Monthly,53.44,660,57.31,35824.8,1999.8,97.62,1902.18,5.309673745561733,164353.06,1:2,Success,N/A
171,85,SELL (EXIT),2011-10-25,POWERGRID.NS,Monthly,53.44,660,57.31,35824.8,1999.8,97.62,1902.18,5.309673745561733,166255.24,1:2,Success,N/A
172,86,BUY (ENTRY),2011-10-25,IOC.NS,Monthly,48.35,807,49.02,39559.14,0.0,0.0,0.0,0.0,126696.09999999999,1:2,OPEN,N/A
173,87,BUY (ENTRY),2011-10-25,IOC.NS,Monthly,48.35,807,49.02,39559.14,0.0,0.0,0.0,0.0,87136.95999999999,1:2,OPEN,N/A
174,86,SELL (EXIT),2011-11-11,IOC.NS,Monthly,48.35,807,47.78,39559.14,-1000.68,102.81,-1103.49,-2.789469134061054,165151.75,1:2,Fail,N/A
175,87,SELL (EXIT),2011-11-11,IOC.NS,Monthly,48.35,807,47.78,39559.14,-1000.68,102.81,-1103.49,-2.789469134061054,164048.26,1:2,Fail,N/A
176,88,BUY (ENTRY),2011-11-14,GKWLIMITED.NS,Weekly,450.0,100,459.46,45946.0,0.0,0.0,0.0,0.0,118102.26000000001,1:2,OPEN,N/A
177,89,BUY (ENTRY),2011-11-14,GKWLIMITED.NS,Weekly,450.0,100,459.46,45946.0,0.0,0.0,0.0,0.0,72156.26000000001,1:2,OPEN,N/A
178,88,SELL (EXIT),2011-11-21,GKWLIMITED.NS,Weekly,450.0,100,449.55,45946.0,-991.0,117.02,-1108.02,-2.411570104035172,162940.24000000002,1:2,Fail,N/A
179,89,SELL (EXIT),2011-11-21,GKWLIMITED.NS,Weekly,450.0,100,449.55,45946.0,-991.0,117.02,-1108.02,-2.411570104035172,161832.22000000003,1:2,Fail,N/A
180,90,BUY (ENTRY),2011-11-21,DABUR.NS,Weekly,94.75,247,97.6,24107.199999999997,0.0,0.0,0.0,0.0,137725.02000000002,1:2,OPEN,N/A
181,91,BUY (ENTRY),2011-11-21,DABUR.NS,Weekly,94.4,247,97.6,24107.199999999997,0.0,0.0,0.0,0.0,113617.82000000004,1:2,OPEN,N/A
182,90,SELL (EXIT),2011-12-02,DABUR.NS,Weekly,94.75,247,93.56,24107.199999999997,-997.88,68.47,-1066.35,-4.42336729275901,160765.87000000002,1:2,Fail,N/A
183,91,SELL (EXIT),2011-12-02,DABUR.NS,Weekly,94.4,247,93.56,24107.199999999997,-997.88,68.47,-1066.35,-4.42336729275901,159699.52000000002,1:2,Fail,N/A
184,92,BUY (ENTRY),2011-12-02,TRIVENI.NS,Yearly,16.16,927,14.81,13728.87,0.0,0.0,0.0,0.0,145970.65000000002,1:2,OPEN,N/A
185,93,BUY (ENTRY),2011-12-02,TRIVENI.NS,Yearly,16.16,927,14.81,13728.87,0.0,0.0,0.0,0.0,132241.78000000003,1:2,OPEN,N/A
186,92,SELL (EXIT),2011-12-14,TRIVENI.NS,Yearly,16.16,927,13.74,13728.87,-991.89,45.41,-1037.3,-7.555610913352664,158662.22000000003,1:2,Fail,N/A
187,93,SELL (EXIT),2011-12-14,TRIVENI.NS,Yearly,16.16,927,13.74,13728.87,-991.89,45.41,-1037.3,-7.555610913352664,157624.92000000004,1:2,Fail,N/A
188,94,BUY (ENTRY),2011-12-14,TECHM.NS,Weekly,132.43,164,137.94,22622.16,0.0,0.0,0.0,0.0,135002.76000000004,1:2,OPEN,N/A
189,95,BUY (ENTRY),2011-12-14,TECHM.NS,Weekly,137.5,164,137.94,22622.16,0.0,0.0,0.0,0.0,112380.60000000003,1:2,OPEN,N/A
190,94,SELL (EXIT),2011-12-21,TECHM.NS,Weekly,132.43,164,150.08,22622.16,1990.96,68.27,1922.69,8.499144201968335,159547.61000000004,1:2,Success,N/A
191,95,SELL (EXIT),2011-12-21,TECHM.NS,Weekly,137.5,164,150.08,22622.16,1990.96,68.27,1922.69,8.499144201968335,161470.30000000005,1:2,Success,N/A
192,96,BUY (ENTRY),2011-12-21,HDFCBANK.NS,Weekly,102.82,217,105.51,22895.670000000002,0.0,0.0,0.0,0.0,138574.63000000003,1:2,OPEN,N/A
193,97,BUY (ENTRY),2011-12-21,BAJFINANCE.NS,Weekly,6.01,8395,6.18,51881.1,0.0,0.0,0.0,0.0,86693.53000000004,1:2,OPEN,N/A
194,97,SELL (EXIT),2011-12-28,BAJFINANCE.NS,Weekly,6.01,8395,6.06,51881.1,-1007.4,130.19,-1137.59,-2.1926867394870193,160332.71000000005,1:2,Fail,N/A
195,98,BUY (ENTRY),2011-12-28,SKFINDIA.NS,Monthly,543.0,44,553.55,24356.199999999997,0.0,0.0,0.0,0.0,113080.84000000005,1:2,OPEN,N/A
196,96,SELL (EXIT),2012-01-12,HDFCBANK.NS,Weekly,102.82,217,114.72,22895.670000000002,1998.57,68.89,1929.68,8.428143836804077,162262.39000000004,1:2,Success,N/A
197,99,BUY (ENTRY),2012-01-10,KESORAMIND.NS,Monthly,55.82,368,55.25,20332.0,0.0,0.0,0.0,0.0,117574.19000000005,1:2,OPEN,N/A
198,99,SELL (EXIT),2012-01-11,KESORAMIND.NS,Monthly,55.82,368,60.67,20332.0,1994.56,63.18,1931.38,9.499213063151684,164193.77000000005,1:2,Success,N/A
199,100,BUY (ENTRY),2012-01-11,MICEL.NS,Weekly,26.0,273,27.63,7542.99,0.0,0.0,0.0,0.0,132294.58000000005,1:2,OPEN,N/A
200,98,SELL (EXIT),2012-02-17,SKFINDIA.NS,Monthly,543.0,44,598.12,24356.199999999997,1961.08,72.09,1888.99,7.755684384263556,166082.76000000004,1:2,Success,N/A
201,101,BUY (ENTRY),2012-01-12,BAJAJ-AUTO.NS,Weekly,1565.8,23,1465.46,33705.58,0.0,0.0,0.0,0.0,124834.19000000003,1:2,OPEN,N/A
202,101,SELL (EXIT),2012-01-13,BAJAJ-AUTO.NS,Weekly,1565.8,23,1423.67,33705.58,-961.17,89.84,-1051.01,-3.118207727029174,165031.75000000003,1:2,Fail,N/A
203,102,BUY (ENTRY),2012-01-13,OIL.NS,Weekly,147.58,236,150.88,35607.68,0.0,0.0,0.0,0.0,121881.08000000003,1:2,OPEN,N/A
204,102,SELL (EXIT),2012-01-27,OIL.NS,Weekly,147.58,236,159.35,35607.68,1998.92,97.14,1901.78,5.3409264518216295,166933.53000000003,1:2,Success,N/A
205,103,BUY (ENTRY),2012-01-27,ENIL.NS,Monthly,197.0,57,217.52,12398.640000000001,0.0,0.0,0.0,0.0,146991.90000000002,1:2,OPEN,N/A
206,100,SELL (EXIT),2012-03-19,MICEL.NS,Weekly,26.0,273,34.93,7542.99,1992.9,34.76,1958.14,25.95973214865723,168891.67000000004,1:2,Success,N/A
207,104,BUY (ENTRY),2012-02-24,ASTEC.NS,Weekly,29.55,1102,29.03,31991.06,0.0,0.0,0.0,0.0,124501.97000000003,1:2,OPEN,N/A
208,104,SELL (EXIT),2012-02-27,ASTEC.NS,Weekly,29.55,1102,30.84,31991.06,1994.62,89.1,1905.52,5.956414073181695,170797.19000000003,1:2,Success,N/A
209,105,BUY (ENTRY),2012-02-27,NORBTEAEXP.NS,Weekly,4.35,1317,4.75,6255.75,0.0,0.0,0.0,0.0,152142.80000000005,1:2,OPEN,N/A
210,105,SELL (EXIT),2012-03-06,NORBTEAEXP.NS,Weekly,4.35,1317,6.27,6255.75,2001.84,31.91,1969.93,31.489909283459216,172767.12000000002,1:2,Success,N/A
211,106,BUY (ENTRY),2012-03-07,REFEX.NS,Weekly,1.23,14341,1.0,14341.0,0.0,0.0,0.0,0.0,146027.48000000004,1:2,OPEN,N/A
212,106,SELL (EXIT),2012-03-13,REFEX.NS,Weekly,1.23,14341,1.14,14341.0,2007.74,49.88,1957.86,13.652186040025102,174724.98,1:2,Success,N/A
213,107,BUY (ENTRY),2012-03-14,ADANIPORTS.NS,Weekly,135.2,108,134.08,14480.640000000001,0.0,0.0,0.0,0.0,147845.7,1:2,OPEN,N/A
214,103,SELL (EXIT),2012-03-22,ENIL.NS,Monthly,197.0,57,200.05,12398.640000000001,-995.79,42.45,-1038.24,-8.373821644954607,173686.74000000002,1:2,Fail,N/A
215,108,BUY (ENTRY),2012-03-21,SUDARSCHEM.NS,Monthly,48.0,632,49.13,31050.16,0.0,0.0,0.0,0.0,128155.94000000002,1:2,OPEN,N/A
216,107,SELL (EXIT),2012-04-10,ADANIPORTS.NS,Weekly,135.2,108,124.88,14480.640000000001,-993.6,47.08,-1040.68,-7.186698930434014,172646.06000000003,1:2,Fail,N/A
217,109,BUY (ENTRY),2012-03-22,PARSVNATH.NS,Weekly,57.1,441,59.06,26045.460000000003,0.0,0.0,0.0,0.0,115550.44000000003,1:2,OPEN,N/A
218,109,SELL (EXIT),2012-03-27,PARSVNATH.NS,Weekly,57.1,441,56.79,26045.460000000003,-1001.07,72.78,-1073.85,-4.12298342974169,171572.21000000002,1:2,Fail,N/A
219,110,BUY (ENTRY),2012-03-27,LFIC.NS,Monthly,29.0,687,27.93,19187.91,0.0,0.0,0.0,0.0,121334.14000000001,1:2,OPEN,N/A
220,110,SELL (EXIT),2012-04-03,LFIC.NS,Monthly,29.0,687,30.84,19187.91,1999.17,60.65,1938.52,10.102819952772345,173510.73,1:2,Success,N/A
221,111,BUY (ENTRY),2012-04-03,GOLDENTOBC.NS,Weekly,35.15,471,36.69,17280.989999999998,0.0,0.0,0.0,0.0,125179.58000000002,1:2,OPEN,N/A
222,108,SELL (EXIT),2012-04-23,SUDARSCHEM.NS,Monthly,48.0,632,52.3,31050.16,2003.44,87.01,1916.43,6.172045490264785,175427.16,1:2,Success,N/A
223,112,BUY (ENTRY),2012-04-12,VINDHYATEL.NS,Weekly,130.0,211,139.64,29464.039999999997,0.0,0.0,0.0,0.0,128682.13,1:2,OPEN,N/A
224,112,SELL (EXIT),2012-04-16,VINDHYATEL.NS,Weekly,130.0,211,134.91,29464.039999999997,-998.03,80.38,-1078.41,-3.660088704739745,174348.75,1:2,Fail,N/A
225,113,BUY (ENTRY),2012-04-16,TECHNOE.NS,Weekly,87.53,260,86.51,22492.600000000002,0.0,0.0,0.0,0.0,134575.16,1:2,OPEN,N/A
226,113,SELL (EXIT),2012-04-20,TECHNOE.NS,Weekly,87.53,260,94.2,22492.600000000002,1999.4,67.99,1931.41,8.586868570107502,176280.16,1:2,Success,N/A
227,114,BUY (ENTRY),2012-04-20,ZUARIIND.NS,Monthly,351.0,141,173.62,24480.420000000002,0.0,0.0,0.0,0.0,134518.75,1:2,OPEN,N/A
228,111,SELL (EXIT),2012-04-24,GOLDENTOBC.NS,Weekly,35.15,471,34.57,17280.989999999998,-998.52,53.3,-1051.82,-6.086572586408534,175228.34,1:2,Fail,N/A
229,115,BUY (ENTRY),2012-04-23,VINDHYATEL.NS,Weekly,126.5,48,143.54,6889.92,0.0,0.0,0.0,0.0,143858.0,1:2,OPEN,N/A
230,114,SELL (EXIT),2012-04-25,ZUARIIND.NS,Monthly,351.0,141,166.53,24480.420000000002,-999.69,69.3,-1068.99,-4.366714296568441,174159.35,1:2,Fail,N/A
231,115,SELL (EXIT),2012-04-25,VINDHYATEL.NS,Weekly,126.5,48,122.88,6889.92,-991.68,30.21,-1021.89,-14.831667131113276,173137.46,1:2,Fail,N/A
232,116,BUY (ENTRY),2012-04-25,BHARTIARTL.NS,Monthly,274.39,51,279.4,14249.4,0.0,0.0,0.0,0.0,158888.06,1:2,OPEN,N/A
233,117,BUY (ENTRY),2012-04-25,BHARTIARTL.NS,Monthly,273.44,51,279.4,14249.4,0.0,0.0,0.0,0.0,144638.66,1:2,OPEN,N/A
234,116,SELL (EXIT),2012-05-23,BHARTIARTL.NS,Monthly,274.39,51,260.16,14249.4,-981.24,46.58,-1027.82,-7.213075638272488,172109.63999999998,1:2,Fail,N/A
235,117,SELL (EXIT),2012-05-23,BHARTIARTL.NS,Monthly,273.44,51,260.16,14249.4,-981.24,46.58,-1027.82,-7.213075638272488,171081.81999999998,1:2,Fail,N/A
236,118,BUY (ENTRY),2012-05-23,OIL.NS,Monthly,146.8,349,148.72,51903.28,0.0,0.0,0.0,0.0,119178.53999999998,1:2,OPEN,N/A
237,119,BUY (ENTRY),2012-05-23,OIL.NS,Monthly,146.8,349,148.72,51903.28,0.0,0.0,0.0,0.0,67275.25999999998,1:2,OPEN,N/A
238,118,SELL (EXIT),2012-05-24,OIL.NS,Monthly,146.8,349,154.44,51903.28,1996.28,133.35,1862.93,3.5892336669281786,172944.74999999997,1:2,Success,N/A
239,119,SELL (EXIT),2012-05-24,OIL.NS,Monthly,146.8,349,154.44,51903.28,1996.28,133.35,1862.93,3.5892336669281786,174807.67999999996,1:2,Success,N/A
240,120,BUY (ENTRY),2012-05-24,NTPC.NS,Monthly,126.71,402,118.2,47516.4,0.0,0.0,0.0,0.0,127291.27999999997,1:2,OPEN,N/A
241,121,BUY (ENTRY),2012-05-24,NTPC.NS,Monthly,126.71,402,118.2,47516.4,0.0,0.0,0.0,0.0,79774.87999999996,1:2,OPEN,N/A
242,120,SELL (EXIT),2012-05-31,NTPC.NS,Monthly,126.71,402,123.17,47516.4,1997.94,123.6,1874.34,3.9446170164406396,176682.01999999996,1:2,Success,N/A
243,121,SELL (EXIT),2012-05-31,NTPC.NS,Monthly,126.71,402,123.17,47516.4,1997.94,123.6,1874.34,3.9446170164406396,178556.35999999996,1:2,Success,N/A
244,122,BUY (ENTRY),2012-05-31,DHUNINV.NS,Monthly,56.2,237,59.91,14198.67,0.0,0.0,0.0,0.0,164357.68999999994,1:2,OPEN,N/A
245,123,BUY (ENTRY),2012-05-31,DHUNINV.NS,Monthly,56.2,237,59.91,14198.67,0.0,0.0,0.0,0.0,150159.01999999996,1:2,OPEN,N/A
246,122,SELL (EXIT),2012-07-23,DHUNINV.NS,Monthly,56.2,237,55.69,14198.67,-1000.14,46.45,-1046.59,-7.371042499050967,177509.76999999996,1:2,Fail,N/A
247,123,SELL (EXIT),2012-07-23,DHUNINV.NS,Monthly,56.2,237,55.69,14198.67,-1000.14,46.45,-1046.59,-7.371042499050967,176463.17999999996,1:2,Fail,N/A
248,124,BUY (ENTRY),2012-07-23,CHENNPETRO.NS,Weekly,119.55,247,123.02,30385.94,0.0,0.0,0.0,0.0,146077.23999999996,1:2,OPEN,N/A
249,125,BUY (ENTRY),2012-07-24,OBEROIRLTY.NS,Weekly,231.55,124,238.14,29529.359999999997,0.0,0.0,0.0,0.0,116547.87999999998,1:2,OPEN,N/A
250,125,SELL (EXIT),2012-07-26,OBEROIRLTY.NS,Weekly,231.55,124,230.12,29529.359999999997,-994.48,80.53,-1075.01,-3.6404784932690717,175388.16999999995,1:2,Fail,N/A
251,126,BUY (ENTRY),2012-07-26,ADANIPORTS.NS,Weekly,112.45,159,117.82,18733.379999999997,0.0,0.0,0.0,0.0,126268.84999999996,1:2,OPEN,N/A
252,124,SELL (EXIT),2012-08-16,CHENNPETRO.NS,Weekly,119.55,247,118.98,30385.94,-997.88,82.43,-1080.31,-3.5552956400229845,174307.85999999996,1:2,Fail,N/A
253,127,BUY (ENTRY),2012-07-31,SUMEETINDS.NS,Monthly,50.32,274,39.53,10831.220000000001,0.0,0.0,0.0,0.0,144743.25999999995,1:2,OPEN,N/A
254,127,SELL (EXIT),2012-08-02,SUMEETINDS.NS,Monthly,50.32,274,46.81,10831.220000000001,1994.72,42.07,1952.65,18.0279783810134,176260.50999999995,1:2,Success,N/A
255,128,BUY (ENTRY),2012-08-02,INDNIPPON.NS,Monthly,80.03,204,84.81,17301.24,0.0,0.0,0.0,0.0,140225.88999999996,1:2,OPEN,N/A
256,126,SELL (EXIT),2012-08-23,ADANIPORTS.NS,Weekly,112.45,159,130.38,18733.379999999997,1997.04,59.63,1937.41,10.342020500304805,178197.91999999995,1:2,Success,N/A
257,129,BUY (ENTRY),2012-08-16,AUTOIND.NS,Monthly,131.45,76,139.14,10574.64,0.0,0.0,0.0,0.0,150322.03999999995,1:2,OPEN,N/A
258,129,SELL (EXIT),2012-08-21,AUTOIND.NS,Monthly,131.45,76,165.37,10574.64,1993.48,41.5,1951.98,18.45906811012006,180149.89999999997,1:2,Success,N/A
259,130,BUY (ENTRY),2012-08-21,ORCHPHARMA.NS,Weekly,105.7,129,107.61,13881.69,0.0,0.0,0.0,0.0,148966.96999999997,1:2,OPEN,N/A
260,128,SELL (EXIT),2012-11-15,INDNIPPON.NS,Monthly,80.03,204,94.59,17301.24,1995.12,56.45,1938.67,11.205381810783505,182088.56999999998,1:2,Success,N/A
261,131,BUY (ENTRY),2012-08-23,PNBGILTS.NS,Monthly,17.1,952,18.99,18078.48,0.0,0.0,0.0,0.0,150128.39999999997,1:2,OPEN,N/A
262,130,SELL (EXIT),2012-12-04,ORCHPHARMA.NS,Weekly,105.7,129,99.9,13881.69,-994.59,45.75,-1040.34,-7.494332462401912,181048.22999999998,1:2,Fail,N/A
263,132,BUY (ENTRY),2012-11-15,IVP.NS,Monthly,37.75,1205,40.04,48248.2,0.0,0.0,0.0,0.0,114721.54999999999,1:2,OPEN,N/A
264,132,SELL (EXIT),2012-11-16,IVP.NS,Monthly,37.75,1205,41.7,48248.2,2000.3,125.23,1875.07,3.886300421570131,182923.3,1:2,Success,N/A
265,133,BUY (ENTRY),2012-11-16,LGBBROSLTD.NS,Weekly,61.5,584,62.55,36529.2,0.0,0.0,0.0,0.0,128315.62,1:2,OPEN,N/A
266,131,SELL (EXIT),2012-12-11,PNBGILTS.NS,Monthly,17.1,952,21.09,18078.48,1999.2,58.18,1941.02,10.73663272576013,184864.31999999998,1:2,Success,N/A
267,134,BUY (ENTRY),2012-12-04,EIHAHOTELS.NS,Monthly,54.72,296,61.81,18295.760000000002,0.0,0.0,0.0,0.0,130039.35999999999,1:2,OPEN,N/A
268,133,SELL (EXIT),2012-12-11,LGBBROSLTD.NS,Weekly,61.5,584,65.97,36529.2,1997.28,99.18,1898.1,5.196117078939588,186762.41999999998,1:2,Success,N/A
269,134,SELL (EXIT),2012-12-11,EIHAHOTELS.NS,Monthly,54.72,296,58.44,18295.760000000002,-997.52,55.56,-1053.08,-5.755869119402527,185709.34,1:2,Fail,N/A
270,135,BUY (ENTRY),2012-12-11,TPHQ.NS,Monthly,0.62,23384,0.65,15199.6,0.0,0.0,0.0,0.0,170509.74,1:2,OPEN,N/A
271,136,BUY (ENTRY),2012-12-11,TPHQ.NS,Monthly,0.62,23384,0.65,15199.6,0.0,0.0,0.0,0.0,155310.13999999998,1:2,OPEN,N/A
272,135,SELL (EXIT),2012-12-14,TPHQ.NS,Monthly,0.62,23384,0.61,15199.6,-935.36,48.74,-984.1,-6.474512487170715,184725.24,1:2,Fail,N/A
273,136,SELL (EXIT),2012-12-14,TPHQ.NS,Monthly,0.62,23384,0.61,15199.6,-935.36,48.74,-984.1,-6.474512487170715,183741.13999999998,1:2,Fail,N/A
274,137,BUY (ENTRY),2012-12-14,BANG.NS,Weekly,18.0,650,19.02,12363.0,0.0,0.0,0.0,0.0,171378.13999999998,1:2,OPEN,N/A
275,138,BUY (ENTRY),2012-12-14,BANG.NS,Weekly,18.0,650,19.02,12363.0,0.0,0.0,0.0,0.0,159015.13999999998,1:2,OPEN,N/A
276,137,SELL (EXIT),2012-12-19,BANG.NS,Weekly,18.0,650,22.09,12363.0,1995.5,45.47,1950.03,15.773113322009221,185691.16999999998,1:2,Success,N/A
277,138,SELL (EXIT),2012-12-19,BANG.NS,Weekly,18.0,650,22.09,12363.0,1995.5,45.47,1950.03,15.773113322009221,187641.19999999998,1:2,Success,N/A
278,139,BUY (ENTRY),2012-12-19,INFY.NS,Weekly,284.85,237,284.56,67440.72,0.0,0.0,0.0,0.0,120200.47999999998,1:2,OPEN,N/A
279,140,BUY (ENTRY),2012-12-19,BEL.NS,Weekly,11.68,2942,12.01,35333.42,0.0,0.0,0.0,0.0,84867.05999999998,1:2,OPEN,N/A
280,140,SELL (EXIT),2012-12-28,BEL.NS,Weekly,11.68,2942,12.69,35333.42,2000.56,96.53,1904.03,5.388750933252428,189545.22999999998,1:2,Success,N/A
281,141,BUY (ENTRY),2012-12-28,OIL.NS,Weekly,156.33,90,155.12,13960.800000000001,0.0,0.0,0.0,0.0,108143.70999999998,1:2,OPEN,N/A
282,139,SELL (EXIT),2013-01-18,INFY.NS,Weekly,284.85,237,292.99,67440.72,1997.91,167.88,1830.03,2.713538645494888,191375.25999999998,1:2,Success,N/A
283,142,BUY (ENTRY),2013-01-03,COMPINFO.NS,Monthly,10.44,1134,10.78,12224.519999999999,0.0,0.0,0.0,0.0,165189.93999999997,1:2,OPEN,N/A
284,141,SELL (EXIT),2013-02-22,OIL.NS,Weekly,156.33,90,177.25,13960.800000000001,1991.7,49.02,1942.68,13.915248409833247,193317.93999999997,1:2,Success,N/A
285,143,BUY (ENTRY),2013-01-18,DSSL.NS,Weekly,4.25,4803,4.2,20172.600000000002,0.0,0.0,0.0,0.0,160920.81999999998,1:2,OPEN,N/A
286,143,SELL (EXIT),2013-01-23,DSSL.NS,Weekly,4.25,4803,4.0,20172.600000000002,-960.6,59.77,-1020.37,-5.058197753388259,192297.56999999998,1:2,Fail,N/A
287,144,BUY (ENTRY),2013-01-23,HEROMOTOCO.NS,Weekly,1791.35,15,1783.98,26759.7,0.0,0.0,0.0,0.0,153313.34999999998,1:2,OPEN,N/A
288,144,SELL (EXIT),2013-02-08,HEROMOTOCO.NS,Weekly,1791.35,15,1718.33,26759.7,-984.75,74.38,-1059.13,-3.95792927424448,191238.43999999997,1:2,Fail,N/A
289,145,BUY (ENTRY),2013-02-08,WAAREEINDO.NS,Monthly,335.0,32,400.4,12812.8,0.0,0.0,0.0,0.0,166201.11999999997,1:2,OPEN,N/A
290,145,SELL (EXIT),2013-02-15,WAAREEINDO.NS,Monthly,335.0,32,369.63,12812.8,-984.64,43.39,-1028.03,-8.023460914085915,190210.40999999997,1:2,Fail,N/A
291,146,BUY (ENTRY),2013-02-15,SAKSOFT.NS,Monthly,2.91,2146,3.19,6845.74,0.0,0.0,0.0,0.0,171140.14999999997,1:2,OPEN,N/A
292,142,SELL (EXIT),2013-02-25,COMPINFO.NS,Monthly,10.44,1134,9.9,12224.519999999999,-997.92,42.06,-1039.98,-8.507327895082998,189170.42999999996,1:2,Fail,N/A
293,147,BUY (ENTRY),2013-02-22,CREST.NS,Monthly,38.9,205,42.53,8718.65,0.0,0.0,0.0,0.0,173606.03999999998,1:2,OPEN,N/A
294,146,SELL (EXIT),2013-02-25,SAKSOFT.NS,Monthly,2.91,2146,2.73,6845.74,-987.16,30.12,-1017.28,-14.860044348748271,188153.14999999997,1:2,Fail,N/A
295,147,SELL (EXIT),2013-02-25,CREST.NS,Monthly,38.9,205,52.25,8718.65,1992.6,37.37,1955.23,22.42583427480172,190108.37999999998,1:2,Success,N/A
296,148,BUY (ENTRY),2013-02-25,ASHOKLEY.NS,Weekly,11.07,1746,11.59,20236.14,0.0,0.0,0.0,0.0,169872.24,1:2,OPEN,N/A
297,149,BUY (ENTRY),2013-02-25,LICHSGFIN.NS,Weekly,241.45,144,245.75,35388.0,0.0,0.0,0.0,0.0,134484.24,1:2,OPEN,N/A
298,148,SELL (EXIT),2013-02-27,ASHOKLEY.NS,Weekly,11.07,1746,11.01,20236.14,-1012.68,59.85,-1072.53,-5.300072049313752,189035.84999999998,1:2,Fail,N/A
299,150,BUY (ENTRY),2013-02-26,ALMONDZ.NS,Monthly,1.21,7371,1.23,9066.33,0.0,0.0,0.0,0.0,144581.51999999996,1:2,OPEN,N/A
300,149,SELL (EXIT),2013-02-28,LICHSGFIN.NS,Weekly,241.45,144,238.81,35388.0,-999.36,93.54,-1092.9,-3.08833502882333,187942.94999999998,1:2,Fail,N/A
301,151,BUY (ENTRY),2013-02-27,DSSL.NS,Weekly,3.7,3885,3.8,14763.0,0.0,0.0,0.0,0.0,164113.62,1:2,OPEN,N/A
302,150,SELL (EXIT),2013-03-05,ALMONDZ.NS,Monthly,1.21,7371,1.1,9066.33,-958.23,35.09,-993.32,-10.956142121453775,186949.62999999998,1:2,Fail,N/A
303,152,BUY (ENTRY),2013-02-28,TITAN.NS,Weekly,256.2,112,259.06,29014.72,0.0,0.0,0.0,0.0,143171.90999999997,1:2,OPEN,N/A
304,152,SELL (EXIT),2013-03-01,TITAN.NS,Weekly,256.2,112,276.78,29014.72,1984.64,82.47,1902.17,6.555879222684211,188851.8,1:2,Success,N/A
305,153,BUY (ENTRY),2013-03-01,HILTON.NS,Weekly,9.68,948,10.54,9991.92,0.0,0.0,0.0,0.0,164096.88,1:2,OPEN,N/A
306,151,SELL (EXIT),2013-03-05,DSSL.NS,Weekly,3.7,3885,3.55,14763.0,-971.25,47.73,-1018.98,-6.902255639097745,187832.81999999998,1:2,Fail,N/A
307,153,SELL (EXIT),2013-03-05,HILTON.NS,Weekly,9.68,948,9.49,9991.92,-995.4,37.11,-1032.51,-10.333449427137127,186800.30999999997,1:2,Fail,N/A
308,154,BUY (ENTRY),2013-03-05,GSS.NS,Monthly,35.0,361,36.29,13100.69,0.0,0.0,0.0,0.0,173699.61999999997,1:2,OPEN,N/A
309,155,BUY (ENTRY),2013-03-05,BODALCHEM.NS,Monthly,7.45,1949,6.71,13077.789999999999,0.0,0.0,0.0,0.0,160621.82999999996,1:2,OPEN,N/A
310,155,SELL (EXIT),2013-03-08,BODALCHEM.NS,Monthly,7.45,1949,7.73,13077.789999999999,1987.98,47.05,1940.93,14.841421983377929,188741.23999999996,1:2,Success,N/A
311,156,BUY (ENTRY),2013-03-08,PFIZER.NS,Monthly,1031.0,45,1046.04,47071.799999999996,0.0,0.0,0.0,0.0,128568.74999999997,1:2,OPEN,N/A
312,154,SELL (EXIT),2013-03-21,GSS.NS,Monthly,35.0,361,33.52,13100.69,-999.97,44.01,-1043.98,-7.96889324150102,187697.25999999995,1:2,Fail,N/A
313,157,BUY (ENTRY),2013-03-18,SUPERSPIN.NS,Weekly,5.75,2435,5.51,13416.85,0.0,0.0,0.0,0.0,127208.60999999996,1:2,OPEN,N/A
314,156,SELL (EXIT),2013-03-22,PFIZER.NS,Monthly,1031.0,45,1023.98,47071.799999999996,-992.7,119.52,-1112.22,-2.3628159535008226,186585.03999999995,1:2,Fail,N/A
315,158,BUY (ENTRY),2013-03-21,GILLETTE.NS,Weekly,2092.0,10,2046.64,20466.4,0.0,0.0,0.0,0.0,152701.78999999995,1:2,OPEN,N/A
316,157,SELL (EXIT),2013-05-14,SUPERSPIN.NS,Weekly,5.75,2435,5.09,13416.85,-1022.7,44.69,-1067.39,-7.955593153385482,185517.64999999994,1:2,Fail,N/A
317,159,BUY (ENTRY),2013-03-22,VISACHROME.NS,Monthly,45.0,218,41.54,9055.72,0.0,0.0,0.0,0.0,155995.52999999994,1:2,OPEN,N/A
318,159,SELL (EXIT),2013-04-08,VISACHROME.NS,Monthly,45.0,218,36.96,9055.72,-998.44,35.02,-1033.46,-11.412234477214403,184484.18999999994,1:2,Fail,N/A
319,160,BUY (ENTRY),2013-04-08,TVSMOTOR.NS,Weekly,31.8,288,36.94,10638.72,0.0,0.0,0.0,0.0,153379.06999999995,1:2,OPEN,N/A
320,158,SELL (EXIT),2013-06-11,GILLETTE.NS,Weekly,2092.0,10,2233.84,20466.4,1872.0,63.36,1808.64,8.837118398936795,186292.82999999996,1:2,Success,N/A
321,161,BUY (ENTRY),2013-05-14,KIRLOSIND.NS,Weekly,338.0,176,335.34,59019.84,0.0,0.0,0.0,0.0,116634.26999999996,1:2,OPEN,N/A
322,161,SELL (EXIT),2013-05-21,KIRLOSIND.NS,Weekly,338.0,176,329.67,59019.84,-997.92,146.06,-1143.98,-1.9382973589897907,185148.84999999995,1:2,Fail,N/A
323,162,BUY (ENTRY),2013-05-21,RSYSTEMS.NS,Weekly,22.0,923,22.16,20453.68,0.0,0.0,0.0,0.0,154056.44999999995,1:2,OPEN,N/A
324,160,SELL (EXIT),2013-08-01,TVSMOTOR.NS,Weekly,31.8,288,33.47,10638.72,-999.36,38.54,-1037.9,-9.755872886963846,184110.94999999995,1:2,Fail,N/A
325,163,BUY (ENTRY),2013-06-11,WELINV.NS,Weekly,16.0,5526,15.57,86039.82,0.0,0.0,0.0,0.0,77617.44999999995,1:2,OPEN,N/A
326,163,SELL (EXIT),2013-06-12,WELINV.NS,Weekly,16.0,5526,15.93,86039.82,1989.36,209.21,1780.15,2.0689838728160983,185891.09999999995,1:2,Success,N/A
327,164,BUY (ENTRY),2013-06-12,UNIONBANK.NS,Weekly,204.5,159,210.11,33407.490000000005,0.0,0.0,0.0,0.0,132029.92999999993,1:2,OPEN,N/A
328,164,SELL (EXIT),2013-06-20,UNIONBANK.NS,Weekly,204.5,159,203.85,33407.490000000005,-995.34,89.15,-1084.49,-3.2462480719144113,184806.60999999996,1:2,Fail,N/A
329,165,BUY (ENTRY),2013-06-20,TEXRAIL.NS,Yearly,34.35,496,32.27,16005.920000000002,0.0,0.0,0.0,0.0,148347.00999999995,1:2,OPEN,N/A
330,165,SELL (EXIT),2013-06-24,TEXRAIL.NS,Yearly,34.35,496,30.25,16005.920000000002,-1001.92,50.46,-1052.38,-6.574942271359596,183754.22999999995,1:2,Fail,N/A
331,166,BUY (ENTRY),2013-06-25,PRECWIRE.NS,Monthly,4.43,6194,4.13,25581.219999999998,0.0,0.0,0.0,0.0,137719.32999999996,1:2,OPEN,N/A
332,166,SELL (EXIT),2013-06-28,PRECWIRE.NS,Monthly,4.43,6194,4.45,25581.219999999998,1982.08,74.84,1907.24,7.455625650379459,185661.46999999994,1:2,Success,N/A
333,167,BUY (ENTRY),2013-06-28,IOC.NS,Monthly,39.22,736,37.79,27813.44,0.0,0.0,0.0,0.0,137394.34999999995,1:2,OPEN,N/A
334,167,SELL (EXIT),2013-07-08,IOC.NS,Monthly,39.22,736,36.43,27813.44,-1000.96,76.71,-1077.67,-3.8746375852825117,184583.79999999993,1:2,Fail,N/A
335,168,BUY (ENTRY),2013-07-08,GREAVESCOT.NS,Monthly,59.8,757,60.76,45995.32,0.0,0.0,0.0,0.0,118134.79999999993,1:2,OPEN,N/A
336,168,SELL (EXIT),2013-07-10,GREAVESCOT.NS,Monthly,59.8,757,63.4,45995.32,1998.48,120.22,1878.26,4.083589373875429,186462.05999999994,1:2,Success,N/A
337,169,BUY (ENTRY),2013-07-10,KIRIINDUS.NS,Monthly,5.6,1513,5.66,8563.58,0.0,0.0,0.0,0.0,157444.79999999993,1:2,OPEN,N/A
338,169,SELL (EXIT),2013-07-16,KIRIINDUS.NS,Monthly,5.6,1513,5.0,8563.58,-998.58,33.93,-1032.51,-12.056990184011827,185429.54999999993,1:2,Fail,N/A
339,170,BUY (ENTRY),2013-07-17,HMVL.NS,Monthly,124.25,129,118.62,15301.980000000001,0.0,0.0,0.0,0.0,149673.88999999993,1:2,OPEN,N/A
340,170,SELL (EXIT),2013-07-29,HMVL.NS,Monthly,124.25,129,110.89,15301.980000000001,-997.17,48.9,-1046.07,-6.836174142169836,184383.47999999992,1:2,Fail,N/A
341,171,BUY (ENTRY),2013-07-29,GODFRYPHLP.NS,Weekly,176.6,124,177.84,22052.16,0.0,0.0,0.0,0.0,141877.63999999993,1:2,OPEN,N/A
342,171,SELL (EXIT),2013-07-31,GODFRYPHLP.NS,Weekly,176.6,124,193.86,22052.16,1986.48,67.0,1919.48,8.704272053168488,186302.95999999993,1:2,Success,N/A
343,172,BUY (ENTRY),2013-07-31,CUMMINSIND.NS,Weekly,407.35,47,422.97,19879.59,0.0,0.0,0.0,0.0,145969.68999999994,1:2,OPEN,N/A
344,162,SELL (EXIT),2013-08-02,RSYSTEMS.NS,Weekly,22.0,923,21.08,20453.68,-996.84,60.35,-1057.19,-5.168703138017218,185245.76999999993,1:2,Fail,N/A
345,173,BUY (ENTRY),2013-08-01,JINDALPHOT.NS,Monthly,36.39,621,33.61,20871.81,0.0,0.0,0.0,0.0,144494.36999999994,1:2,OPEN,N/A
346,172,SELL (EXIT),2013-08-12,CUMMINSIND.NS,Weekly,407.35,47,401.8,19879.59,-994.99,59.08,-1054.07,-5.302272330566173,184191.69999999992,1:2,Fail,N/A
347,174,BUY (ENTRY),2013-08-02,IIFL.NS,Monthly,21.73,162,27.73,4492.26,0.0,0.0,0.0,0.0,158827.62999999992,1:2,OPEN,N/A
348,173,SELL (EXIT),2014-03-06,JINDALPHOT.NS,Monthly,36.39,621,36.83,20871.81,1999.62,64.39,1935.23,9.271979766009752,186126.92999999993,1:2,Success,N/A
349,175,BUY (ENTRY),2013-08-12,CHENNPETRO.NS,Yearly,78.0,174,64.01,11137.740000000002,0.0,0.0,0.0,0.0,170496.92999999993,1:2,OPEN,N/A
350,175,SELL (EXIT),2013-08-30,CHENNPETRO.NS,Yearly,78.0,174,58.29,11137.740000000002,-995.28,39.65,-1034.93,-9.292100551817512,185091.99999999994,1:2,Fail,N/A
351,176,BUY (ENTRY),2013-08-30,SOLARINDS.NS,Monthly,148.0,232,153.54,35621.28,0.0,0.0,0.0,0.0,144978.45999999993,1:2,OPEN,N/A
352,176,SELL (EXIT),2013-09-02,SOLARINDS.NS,Monthly,148.0,232,162.13,35621.28,1992.88,97.16,1895.72,5.321875014036554,186987.71999999994,1:2,Success,N/A
353,177,BUY (ENTRY),2013-09-02,GICHSGFIN.NS,Monthly,80.25,368,82.68,30426.24,0.0,0.0,0.0,0.0,152069.21999999994,1:2,OPEN,N/A
354,177,SELL (EXIT),2013-09-10,GICHSGFIN.NS,Monthly,80.25,368,88.11,30426.24,1998.24,85.62,1912.62,6.286087272038871,188900.33999999994,1:2,Success,N/A
355,178,BUY (ENTRY),2013-09-10,VINATIORGA.NS,Monthly,45.53,247,46.0,11362.0,0.0,0.0,0.0,0.0,173046.07999999993,1:2,OPEN,N/A
356,178,SELL (EXIT),2013-10-28,VINATIORGA.NS,Monthly,45.53,247,54.07,11362.0,1993.29,43.25,1950.04,17.162823446576304,190850.37999999995,1:2,Success,N/A
357,179,BUY (ENTRY),2013-10-28,FDC.NS,Weekly,82.25,176,86.59,15239.84,0.0,0.0,0.0,0.0,171118.27999999994,1:2,OPEN,N/A
358,179,SELL (EXIT),2013-11-20,FDC.NS,Weekly,82.25,176,97.92,15239.84,1994.08,51.87,1942.21,12.744293903348067,192792.58999999994,1:2,Success,N/A
359,180,BUY (ENTRY),2013-11-20,SMLMAH.NS,Weekly,220.0,61,237.84,14508.24,0.0,0.0,0.0,0.0,173792.08999999994,1:2,OPEN,N/A
360,180,SELL (EXIT),2013-11-22,SMLMAH.NS,Weekly,220.0,61,270.36,14508.24,1983.72,50.23,1933.49,13.326840471345939,194726.07999999993,1:2,Success,N/A
361,181,BUY (ENTRY),2013-11-22,NAVNETEDUL.NS,Weekly,52.5,316,55.56,17556.96,0.0,0.0,0.0,0.0,172676.85999999993,1:2,OPEN,N/A
362,181,SELL (EXIT),2013-11-26,NAVNETEDUL.NS,Weekly,52.5,316,52.4,17556.96,-998.56,53.91,-1052.47,-5.994602710264192,193673.60999999993,1:2,Fail,N/A
363,182,BUY (ENTRY),2013-11-26,AKSHOPTFBR.NS,Monthly,14.0,1284,14.51,18630.84,0.0,0.0,0.0,0.0,170550.50999999992,1:2,OPEN,N/A
364,182,SELL (EXIT),2013-12-04,AKSHOPTFBR.NS,Monthly,14.0,1284,16.07,18630.84,2003.04,59.41,1943.63,10.432326186044214,195617.23999999993,1:2,Success,N/A
365,183,BUY (ENTRY),2013-12-04,KANSAINER.NS,Monthly,68.94,672,71.32,47927.03999999999,0.0,0.0,0.0,0.0,143197.93999999994,1:2,OPEN,N/A
366,183,SELL (EXIT),2013-12-06,KANSAINER.NS,Monthly,68.94,672,74.3,47927.03999999999,2002.56,124.52,1878.04,3.918539513393692,197495.27999999994,1:2,Success,N/A
367,184,BUY (ENTRY),2013-12-06,PFOCUS.NS,Weekly,26.25,298,27.03,8054.9400000000005,0.0,0.0,0.0,0.0,184948.07999999993,1:2,OPEN,N/A
368,184,SELL (EXIT),2014-01-08,PFOCUS.NS,Weekly,26.25,298,33.73,8054.9400000000005,1996.6,35.9,1960.7,24.341584170707662,199455.97999999995,1:2,Success,N/A
369,185,BUY (ENTRY),2014-01-08,DWARKESH.NS,Weekly,2.24,8362,2.35,19650.7,0.0,0.0,0.0,0.0,175313.01999999996,1:2,OPEN,N/A
370,185,SELL (EXIT),2014-01-13,DWARKESH.NS,Weekly,2.24,8362,2.23,19650.7,-1003.44,58.56,-1062.0,-5.404387629957203,198393.97999999995,1:2,Fail,N/A
371,186,BUY (ENTRY),2014-01-13,IMPEXFERRO.NS,Weekly,4.5,3242,4.35,14102.699999999999,0.0,0.0,0.0,0.0,179799.01999999996,1:2,OPEN,N/A
372,186,SELL (EXIT),2014-01-17,IMPEXFERRO.NS,Weekly,4.5,3242,4.05,14102.699999999999,-972.6,46.26,-1018.86,-7.224574017741284,197375.11999999997,1:2,Fail,N/A
373,187,BUY (ENTRY),2014-01-17,KOTARISUG.NS,Weekly,6.75,1774,7.11,12613.140000000001,0.0,0.0,0.0,0.0,180269.71999999997,1:2,OPEN,N/A
374,187,SELL (EXIT),2014-01-31,KOTARISUG.NS,Weekly,6.75,1774,6.54,12613.140000000001,-1011.18,42.91,-1054.09,-8.357078411878405,196321.02999999997,1:2,Fail,N/A
375,188,BUY (ENTRY),2014-01-31,PETRONET.NS,Monthly,53.1,595,53.13,31612.350000000002,0.0,0.0,0.0,0.0,160216.41999999998,1:2,OPEN,N/A
376,188,SELL (EXIT),2014-02-03,PETRONET.NS,Monthly,53.1,595,56.49,31612.350000000002,1999.2,88.26,1910.94,6.044915990111459,198231.96999999997,1:2,Success,N/A
377,189,BUY (ENTRY),2014-02-03,SHAHALLOYS.NS,Monthly,4.45,2446,4.55,11129.3,0.0,0.0,0.0,0.0,182610.40999999997,1:2,OPEN,N/A
378,189,SELL (EXIT),2014-02-24,SHAHALLOYS.NS,Monthly,4.45,2446,4.15,11129.3,-978.4,39.65,-1018.05,-9.147475582471493,197213.91999999998,1:2,Fail,N/A
379,190,BUY (ENTRY),2014-02-24,RAJSREESUG.NS,Monthly,25.0,775,20.77,16096.75,0.0,0.0,0.0,0.0,176624.90999999997,1:2,OPEN,N/A
380,190,SELL (EXIT),2014-02-26,RAJSREESUG.NS,Monthly,25.0,775,23.35,16096.75,1999.5,53.78,1945.72,12.087657446378927,199159.63999999998,1:2,Success,N/A
381,191,BUY (ENTRY),2014-02-26,NAHARPOLY.NS,Monthly,10.55,1299,10.16,13197.84,0.0,0.0,0.0,0.0,181469.53999999998,1:2,OPEN,N/A
382,174,SELL (EXIT),2014-03-12,IIFL.NS,Monthly,21.73,162,40.05,4492.26,1995.84,27.98,1967.86,43.805567798836215,201127.49999999997,1:2,Success,N/A
383,192,BUY (ENTRY),2014-03-06,HINDOILEXP.NS,Weekly,33.0,820,34.63,28396.600000000002,0.0,0.0,0.0,0.0,159533.05999999997,1:2,OPEN,N/A
384,192,SELL (EXIT),2014-03-07,HINDOILEXP.NS,Weekly,33.0,820,37.07,28396.600000000002,2000.8,81.11,1919.69,6.760281160420613,203047.18999999997,1:2,Success,N/A
385,193,BUY (ENTRY),2014-03-07,SEPC.NS,Monthly,26.53,422,27.2,11478.4,0.0,0.0,0.0,0.0,178370.94999999998,1:2,OPEN,N/A
386,193,SELL (EXIT),2014-03-10,SEPC.NS,Monthly,26.53,422,31.94,11478.4,2000.28,43.51,1956.77,17.047410788960136,205003.95999999996,1:2,Success,N/A
387,194,BUY (ENTRY),2014-03-10,CTE.NS,Weekly,3.1,4830,3.6,17388.0,0.0,0.0,0.0,0.0,174418.11999999997,1:2,OPEN,N/A
388,191,SELL (EXIT),2014-03-31,NAHARPOLY.NS,Monthly,10.55,1299,9.39,13197.84,-1000.23,44.23,-1044.46,-7.913870754608331,203959.49999999997,1:2,Fail,N/A
389,195,BUY (ENTRY),2014-03-12,ROSSELLIND.NS,Weekly,45.6,220,45.6,10032.0,0.0,0.0,0.0,0.0,176539.49999999997,1:2,OPEN,N/A
390,194,SELL (EXIT),2014-05-08,CTE.NS,Weekly,3.1,4830,3.4,17388.0,-966.0,53.57,-1019.57,-5.863641591902462,202939.92999999996,1:2,Fail,N/A
391,196,BUY (ENTRY),2014-03-31,SUZLON.NS,Weekly,9.14,4957,9.15,45356.55,0.0,0.0,0.0,0.0,147551.37999999995,1:2,OPEN,N/A
392,196,SELL (EXIT),2014-04-01,SUZLON.NS,Weekly,9.14,4957,9.55,45356.55,1982.8,118.79,1864.01,4.109682063560831,204803.93999999997,1:2,Success,N/A
393,197,BUY (ENTRY),2014-04-01,KMSUGAR.NS,Weekly,1.05,4945,1.2,5934.0,0.0,0.0,0.0,0.0,188837.93999999997,1:2,OPEN,N/A
394,195,SELL (EXIT),2014-05-14,ROSSELLIND.NS,Weekly,45.6,220,54.67,10032.0,1995.4,40.29,1955.11,19.488736044657095,206759.04999999996,1:2,Success,N/A
395,198,BUY (ENTRY),2014-05-09,HCLTECH.NS,Weekly,333.75,108,336.92,36387.36,0.0,0.0,0.0,0.0,164437.68999999994,1:2,OPEN,N/A
396,198,SELL (EXIT),2014-05-13,HCLTECH.NS,Weekly,333.75,108,355.38,36387.36,1993.68,98.87,1894.81,5.20733023775289,208653.85999999996,1:2,Success,N/A
397,199,BUY (ENTRY),2014-05-13,GLAXO.NS,Weekly,1187.5,35,1209.71,42339.85,0.0,0.0,0.0,0.0,160380.00999999995,1:2,OPEN,N/A
398,197,SELL (EXIT),2014-05-21,KMSUGAR.NS,Weekly,1.05,4945,1.61,5934.0,2027.45,31.22,1996.23,33.640546006066735,210650.08999999997,1:2,Success,N/A
399,200,BUY (ENTRY),2014-05-14,ASAL.NS,Weekly,33.4,397,33.53,13311.41,0.0,0.0,0.0,0.0,154998.82999999996,1:2,OPEN,N/A
400,199,SELL (EXIT),2014-05-22,GLAXO.NS,Weekly,1187.5,35,1266.49,42339.85,1987.3,112.09,1875.21,4.428948142234798,212525.29999999996,1:2,Success,N/A
401,201,BUY (ENTRY),2014-05-21,PERSISTENT.NS,Weekly,231.18,81,236.84,19184.04,0.0,0.0,0.0,0.0,180029.84999999995,1:2,OPEN,N/A
402,200,SELL (EXIT),2014-05-28,ASAL.NS,Weekly,33.4,397,38.56,13311.41,1996.91,47.58,1949.33,14.644053484942615,214474.62999999995,1:2,Success,N/A
403,202,BUY (ENTRY),2014-05-22,CASTROLIND.NS,Monthly,142.25,219,146.17,32011.229999999996,0.0,0.0,0.0,0.0,163279.35999999996,1:2,OPEN,N/A
404,201,SELL (EXIT),2014-06-05,PERSISTENT.NS,Weekly,231.18,81,261.46,19184.04,1994.22,60.63,1933.59,10.079159551377082,216408.21999999994,1:2,Success,N/A
405,203,BUY (ENTRY),2014-05-28,LUPIN.NS,Weekly,920.0,38,930.38,35354.44,0.0,0.0,0.0,0.0,149042.54999999993,1:2,OPEN,N/A
406,202,SELL (EXIT),2014-06-11,CASTROLIND.NS,Monthly,142.25,219,155.3,32011.229999999996,1999.47,89.15,1910.32,5.967655725818721,218318.53999999995,1:2,Success,N/A
407,204,BUY (ENTRY),2014-06-06,BALPHARMA.NS,Weekly,28.85,550,33.73,18551.5,0.0,0.0,0.0,0.0,164412.59999999995,1:2,OPEN,N/A
408,204,SELL (EXIT),2014-06-09,BALPHARMA.NS,Weekly,28.85,550,37.37,18551.5,2002.0,59.23,1942.77,10.472306821550818,220261.30999999994,1:2,Success,N/A
409,203,SELL (EXIT),2014-06-11,LUPIN.NS,Weekly,920.0,38,982.95,35354.44,1997.66,96.57,1901.09,5.377231261476634,222162.39999999994,1:2,Success,N/A
410,205,BUY (ENTRY),2014-06-17,PIDILITIND.NS,Weekly,146.0,134,150.0,20100.0,0.0,0.0,0.0,0.0,202062.39999999994,1:2,OPEN,N/A
411,206,BUY (ENTRY),2014-06-18,ADVANIHOTR.NS,Weekly,16.25,271,19.42,5262.820000000001,0.0,0.0,0.0,0.0,196799.57999999993,1:2,OPEN,N/A
412,206,SELL (EXIT),2014-06-30,ADVANIHOTR.NS,Weekly,16.25,271,26.79,5262.820000000001,1997.27,29.7,1967.57,37.38623019597858,224129.96999999994,1:2,Success,N/A
413,207,BUY (ENTRY),2014-07-01,GODFRYPHLP.NS,Weekly,195.5,308,189.86,58476.880000000005,0.0,0.0,0.0,0.0,145553.08999999994,1:2,OPEN,N/A
414,207,SELL (EXIT),2014-07-02,GODFRYPHLP.NS,Weekly,195.5,308,196.33,58476.880000000005,1992.76,147.96,1844.8,3.1547510742707203,225974.76999999993,1:2,Success,N/A
415,208,BUY (ENTRY),2014-07-02,UNITDSPR.NS,Weekly,506.64,77,490.83,37793.909999999996,0.0,0.0,0.0,0.0,168080.85999999993,1:2,OPEN,N/A
416,205,SELL (EXIT),2014-07-07,PIDILITIND.NS,Weekly,146.0,134,164.84,20100.0,1988.56,62.66,1925.9,9.581592039800995,227900.66999999993,1:2,Success,N/A
417,208,SELL (EXIT),2014-07-07,UNITDSPR.NS,Weekly,506.64,77,477.92,37793.909999999996,-994.07,98.9,-1092.97,-2.891920947052052,226807.69999999992,1:2,Fail,N/A
418,209,BUY (ENTRY),2014-07-15,RUSHIL.NS,Monthly,3.21,5091,3.18,16189.380000000001,0.0,0.0,0.0,0.0,210618.31999999992,1:2,OPEN,N/A
419,210,BUY (ENTRY),2014-07-15,RUSHIL.NS,Monthly,3.21,5091,3.18,16189.380000000001,0.0,0.0,0.0,0.0,194428.93999999992,1:2,OPEN,N/A
420,209,SELL (EXIT),2014-07-17,RUSHIL.NS,Monthly,3.21,5091,3.58,16189.380000000001,2036.4,54.02,1982.38,12.244940819228407,228790.07999999993,1:2,Success,N/A
421,210,SELL (EXIT),2014-07-17,RUSHIL.NS,Monthly,3.21,5091,3.58,16189.380000000001,2036.4,54.02,1982.38,12.244940819228407,230772.45999999993,1:2,Success,N/A
422,211,BUY (ENTRY),2014-07-17,MOREPENLAB.NS,Weekly,4.7,4773,4.85,23149.05,0.0,0.0,0.0,0.0,207623.40999999995,1:2,OPEN,N/A
423,212,BUY (ENTRY),2014-07-17,CL=F,Weekly,101.6,577,101.7,58680.9,0.0,0.0,0.0,0.0,148942.50999999995,1:2,OPEN,N/A
424,211,SELL (EXIT),2014-07-22,MOREPENLAB.NS,Weekly,4.7,4773,5.27,23149.05,2004.66,69.45,1935.21,8.359781502912647,232707.66999999993,1:2,Success,N/A
425,213,BUY (ENTRY),2014-07-18,KHAITANLTD.NS,Monthly,18.7,652,16.67,10868.840000000002,0.0,0.0,0.0,0.0,163157.92999999993,1:2,OPEN,N/A
426,212,SELL (EXIT),2014-09-05,CL=F,Weekly,101.6,577,105.16,58680.9,1996.42,148.41,1848.01,3.1492529937339064,234555.67999999993,1:2,Success,N/A
427,214,BUY (ENTRY),2014-07-22,NEXTMEDIA.NS,Weekly,6.8,3186,7.06,22493.16,0.0,0.0,0.0,0.0,201193.67999999993,1:2,OPEN,N/A
428,214,SELL (EXIT),2014-07-31,NEXTMEDIA.NS,Weekly,6.8,3186,6.74,22493.16,-1019.52,64.86,-1084.38,-4.820932230064607,233471.29999999993,1:2,Fail,N/A
429,215,BUY (ENTRY),2014-07-31,MALUPAPER.NS,Weekly,8.3,659,8.86,5838.74,0.0,0.0,0.0,0.0,216763.7199999999,1:2,OPEN,N/A
430,215,SELL (EXIT),2014-08-07,MALUPAPER.NS,Weekly,8.3,659,11.89,5838.74,1996.77,30.98,1965.79,33.66805166868194,235437.08999999994,1:2,Success,N/A
431,216,BUY (ENTRY),2014-08-07,PTL.NS,Weekly,18.83,576,18.02,10379.52,0.0,0.0,0.0,0.0,214188.72999999992,1:2,OPEN,N/A
432,216,SELL (EXIT),2014-08-20,PTL.NS,Weekly,18.83,576,21.49,10379.52,1998.72,41.07,1957.65,18.86069876063633,237394.73999999993,1:2,Success,N/A
433,217,BUY (ENTRY),2014-08-20,NAVA.NS,Weekly,55.58,674,54.55,36766.7,0.0,0.0,0.0,0.0,189759.19999999992,1:2,OPEN,N/A
434,217,SELL (EXIT),2014-08-25,NAVA.NS,Weekly,55.58,674,53.07,36766.7,-997.52,96.61,-1094.13,-2.975872188692486,236300.60999999993,1:2,Fail,N/A
435,218,BUY (ENTRY),2014-08-25,SUNDARAM.NS,Weekly,3.05,2467,2.85,7030.95,0.0,0.0,0.0,0.0,218400.81999999992,1:2,OPEN,N/A
436,213,SELL (EXIT),2014-09-05,KHAITANLTD.NS,Monthly,18.7,652,15.13,10868.840000000002,-1004.08,39.05,-1043.13,-9.597436340952667,235257.47999999992,1:2,Fail,N/A
437,218,SELL (EXIT),2014-09-05,SUNDARAM.NS,Weekly,3.05,2467,2.45,7030.95,-986.8,30.53,-1017.33,-14.469310690589465,234240.14999999994,1:2,Fail,N/A
438,219,BUY (ENTRY),2014-09-05,NEXTMEDIA.NS,Weekly,6.55,2757,6.51,17948.07,0.0,0.0,0.0,0.0,216292.07999999993,1:2,OPEN,N/A
439,219,SELL (EXIT),2014-09-08,NEXTMEDIA.NS,Weekly,6.55,2757,6.14,17948.07,-1020.09,54.76,-1074.85,-5.988666190849489,233165.29999999993,1:2,Fail,N/A
440,220,BUY (ENTRY),2014-09-08,JINDALSTEL.NS,Monthly,231.15,91,236.74,21543.34,0.0,0.0,0.0,0.0,211621.95999999993,1:2,OPEN,N/A
441,221,BUY (ENTRY),2014-09-08,JINDALSTEL.NS,Monthly,231.15,91,236.74,21543.34,0.0,0.0,0.0,0.0,190078.61999999994,1:2,OPEN,N/A
442,220,SELL (EXIT),2014-09-15,JINDALSTEL.NS,Monthly,231.15,91,225.77,21543.34,-998.27,62.77,-1061.04,-4.925141598285132,232104.25999999992,1:2,Fail,N/A
443,221,SELL (EXIT),2014-09-15,JINDALSTEL.NS,Monthly,231.15,91,225.77,21543.34,-998.27,62.77,-1061.04,-4.925141598285132,231043.2199999999,1:2,Fail,N/A
444,222,BUY (ENTRY),2014-09-15,TFL.NS,Weekly,5.79,2660,5.84,15534.4,0.0,0.0,0.0,0.0,215508.81999999992,1:2,OPEN,N/A
445,223,BUY (ENTRY),2014-09-15,FEL.NS,Weekly,116.39,151,120.63,18215.13,0.0,0.0,0.0,0.0,197293.68999999992,1:2,OPEN,N/A
446,223,SELL (EXIT),2014-09-25,FEL.NS,Weekly,116.39,151,114.04,18215.13,-995.09,55.38,-1050.47,-5.767018956219363,229992.7499999999,1:2,Fail,N/A
447,222,SELL (EXIT),2014-09-26,TFL.NS,Weekly,5.79,2660,5.46,15534.4,-1010.8,49.41,-1060.21,-6.82491760222474,228932.53999999992,1:2,Fail,N/A
448,224,BUY (ENTRY),2014-09-26,DLF.NS,Weekly,156.2,112,162.41,18189.92,0.0,0.0,0.0,0.0,210742.61999999994,1:2,OPEN,N/A
449,225,BUY (ENTRY),2014-09-29,SUNTV.NS,Monthly,324.05,63,330.33,20810.789999999997,0.0,0.0,0.0,0.0,189931.82999999993,1:2,OPEN,N/A
450,224,SELL (EXIT),2014-10-14,DLF.NS,Weekly,156.2,112,153.5,18189.92,-997.92,55.32,-1053.24,-5.790239869114323,227879.29999999993,1:2,Fail,N/A
451,226,BUY (ENTRY),2014-09-30,SHEKHAWATI.NS,Weekly,16.0,394,17.52,6902.88,0.0,0.0,0.0,0.0,200165.62999999995,1:2,OPEN,N/A
452,225,SELL (EXIT),2014-12-16,SUNTV.NS,Monthly,324.05,63,314.68,20810.789999999997,-985.95,61.16,-1047.11,-5.031572564040097,226832.18999999994,1:2,Fail,N/A
453,227,BUY (ENTRY),2014-10-14,COALINDIA.NS,Weekly,333.15,81,343.34,27810.539999999997,0.0,0.0,0.0,0.0,192118.76999999996,1:2,OPEN,N/A
454,227,SELL (EXIT),2014-10-31,COALINDIA.NS,Weekly,333.15,81,367.99,27810.539999999997,1996.65,79.81,1916.84,6.892494716032123,228749.02999999994,1:2,Success,N/A
455,228,BUY (ENTRY),2014-10-31,REGENCERAM.NS,Weekly,4.15,2447,4.5,11011.5,0.0,0.0,0.0,0.0,210834.64999999994,1:2,OPEN,N/A
456,228,SELL (EXIT),2014-11-26,REGENCERAM.NS,Weekly,4.15,2447,4.1,11011.5,-978.8,39.39,-1018.19,-9.246605821186941,227730.83999999994,1:2,Fail,N/A
457,229,BUY (ENTRY),2014-11-26,CURAA.NS,Weekly,292.0,73,279.28,20387.44,0.0,0.0,0.0,0.0,200440.51999999993,1:2,OPEN,N/A
458,229,SELL (EXIT),2014-12-01,CURAA.NS,Weekly,292.0,73,306.37,20387.44,1977.57,63.29,1914.28,9.389506480460518,229645.11999999994,1:2,Success,N/A
459,230,BUY (ENTRY),2014-12-01,MHRIL.NS,Weekly,120.49,166,117.16,19448.559999999998,0.0,0.0,0.0,0.0,203293.67999999993,1:2,OPEN,N/A
460,226,SELL (EXIT),2014-12-16,SHEKHAWATI.NS,Weekly,16.0,394,14.98,6902.88,-1000.76,30.23,-1030.99,-14.935650047516399,228614.12999999995,1:2,Fail,N/A
461,230,SELL (EXIT),2014-12-16,MHRIL.NS,Weekly,120.49,166,111.16,19448.559999999998,-996.0,58.12,-1054.12,-5.420041380955711,227560.00999999995,1:2,Fail,N/A
462,231,BUY (ENTRY),2014-12-17,CGPOWER.NS,Weekly,57.75,452,59.2,26758.4,0.0,0.0,0.0,0.0,200801.60999999996,1:2,OPEN,N/A
463,232,BUY (ENTRY),2014-12-17,CGPOWER.NS,Weekly,60.89,452,59.2,26758.4,0.0,0.0,0.0,0.0,174043.20999999996,1:2,OPEN,N/A
464,231,SELL (EXIT),2014-12-19,CGPOWER.NS,Weekly,57.75,452,63.62,26758.4,1997.84,77.47,1920.37,7.176699653193015,229480.37999999995,1:2,Success,N/A
465,232,SELL (EXIT),2014-12-19,CGPOWER.NS,Weekly,60.89,452,63.62,26758.4,1997.84,77.47,1920.37,7.176699653193015,231400.74999999994,1:2,Success,N/A
466,233,BUY (ENTRY),2014-12-19,NTPC.NS,Monthly,109.75,219,111.95,24517.05,0.0,0.0,0.0,0.0,206883.69999999995,1:2,OPEN,N/A
467,234,BUY (ENTRY),2014-12-19,NTPC.NS,Monthly,109.75,219,111.95,24517.05,0.0,0.0,0.0,0.0,182366.64999999994,1:2,OPEN,N/A
468,233,SELL (EXIT),2015-01-08,NTPC.NS,Monthly,109.75,219,121.05,24517.05,1992.9,72.48,1920.42,7.832997852514883,233321.16999999995,1:2,Success,N/A
469,234,SELL (EXIT),2015-01-08,NTPC.NS,Monthly,109.75,219,121.05,24517.05,1992.9,72.48,1920.42,7.832997852514883,235241.58999999997,1:2,Success,N/A
470,235,BUY (ENTRY),2015-01-08,DELTAMAGNT.NS,Weekly,31.0,212,35.03,7426.360000000001,0.0,0.0,0.0,0.0,227815.22999999998,1:2,OPEN,N/A
471,236,BUY (ENTRY),2015-01-08,TNTELE.NS,Weekly,4.65,2447,4.5,11011.5,0.0,0.0,0.0,0.0,216803.72999999998,1:2,OPEN,N/A
472,235,SELL (EXIT),2015-02-18,DELTAMAGNT.NS,Weekly,31.0,212,44.47,7426.360000000001,2001.28,34.51,1966.77,26.48363397411383,237208.35999999996,1:2,Success,N/A
473,237,BUY (ENTRY),2015-01-12,PGEL.NS,Yearly,5.42,1255,6.2,7781.0,0.0,0.0,0.0,0.0,218415.85999999996,1:2,OPEN,N/A
474,237,SELL (EXIT),2015-01-13,PGEL.NS,Yearly,5.42,1255,7.79,7781.0,1995.45,35.29,1960.16,25.19162061431693,239168.51999999996,1:2,Success,N/A
475,238,BUY (ENTRY),2015-01-13,PFOCUS.NS,Monthly,47.7,107,52.0,5564.0,0.0,0.0,0.0,0.0,222593.01999999996,1:2,OPEN,N/A
476,238,SELL (EXIT),2015-02-16,PFOCUS.NS,Monthly,47.7,107,42.66,5564.0,-999.38,27.26,-1026.64,-18.451473759884976,238141.87999999995,1:2,Fail,N/A
477,239,BUY (ENTRY),2015-02-16,AROGRANITE.NS,Weekly,71.65,149,68.07,10142.429999999998,0.0,0.0,0.0,0.0,216987.94999999995,1:2,OPEN,N/A
478,236,SELL (EXIT),2015-02-24,TNTELE.NS,Weekly,4.65,2447,4.1,11011.5,-978.8,39.39,-1018.19,-9.246605821186941,237123.68999999994,1:2,Fail,N/A
479,240,BUY (ENTRY),2015-02-18,AGRITECH.NS,Weekly,5.9,4719,6.06,28597.14,0.0,0.0,0.0,0.0,198384.11999999994,1:2,OPEN,N/A
480,239,SELL (EXIT),2015-02-25,AROGRANITE.NS,Weekly,71.65,149,61.39,10142.429999999998,-995.32,37.44,-1032.76,-10.18256966032795,236090.92999999993,1:2,Fail,N/A
481,241,BUY (ENTRY),2015-02-24,TNTELE.NS,Weekly,4.1,4812,4.0,19248.0,0.0,0.0,0.0,0.0,188245.78999999992,1:2,OPEN,N/A
482,240,SELL (EXIT),2015-03-25,AGRITECH.NS,Weekly,5.9,4719,6.48,28597.14,1981.98,81.54,1900.44,6.645559660861192,237991.36999999994,1:2,Success,N/A
483,242,BUY (ENTRY),2015-02-25,RELIGARE.NS,Weekly,311.15,29,359.96,10438.84,0.0,0.0,0.0,0.0,208304.52999999994,1:2,OPEN,N/A
484,241,SELL (EXIT),2015-05-29,TNTELE.NS,Weekly,4.1,4812,4.42,19248.0,2021.04,60.8,1960.24,10.184123025768912,239951.60999999993,1:2,Success,N/A
485,243,BUY (ENTRY),2015-03-25,RENUKA.NS,Yearly,14.5,2107,12.46,26253.22,0.0,0.0,0.0,0.0,203259.54999999993,1:2,OPEN,N/A
486,243,SELL (EXIT),2015-04-06,RENUKA.NS,Yearly,14.5,2107,13.41,26253.22,2001.65,76.35,1925.3,7.3335766050793,241876.90999999992,1:2,Success,N/A
487,244,BUY (ENTRY),2015-04-06,PREMIER.NS,Yearly,41.75,561,40.94,22967.34,0.0,0.0,0.0,0.0,208470.72999999992,1:2,OPEN,N/A
488,244,SELL (EXIT),2015-04-07,PREMIER.NS,Yearly,41.75,561,44.5,22967.34,1997.16,69.04,1928.12,8.395051407781658,243805.0299999999,1:2,Success,N/A
489,245,BUY (ENTRY),2015-04-07,UMESLTD.NS,Monthly,2.8,1103,3.35,3695.05,0.0,0.0,0.0,0.0,229671.1399999999,1:2,OPEN,N/A
490,242,SELL (EXIT),2016-03-17,RELIGARE.NS,Weekly,311.15,29,325.67,10438.84,-994.41,38.1,-1032.51,-9.89104153335045,242772.5199999999,1:2,Fail,N/A
491,246,BUY (ENTRY),2015-05-29,NTPC.NS,Weekly,113.96,249,113.32,28216.679999999997,0.0,0.0,0.0,0.0,210860.78999999992,1:2,OPEN,N/A
492,246,SELL (EXIT),2015-07-09,NTPC.NS,Weekly,113.96,249,109.31,28216.679999999997,-998.49,77.61,-1076.1,-3.813701682834409,241696.4199999999,1:2,Fail,N/A
493,247,BUY (ENTRY),2015-07-09,TECHM.NS,Weekly,519.05,74,473.22,35018.28,0.0,0.0,0.0,0.0,202983.0899999999,1:2,OPEN,N/A
494,247,SELL (EXIT),2015-07-17,TECHM.NS,Weekly,519.05,74,499.99,35018.28,1980.98,95.81,1885.17,5.383388333179129,243581.5899999999,1:2,Success,N/A
495,248,BUY (ENTRY),2015-07-17,UNITEDTEA.NS,Weekly,183.0,102,190.59,19440.18,0.0,0.0,0.0,0.0,220446.3599999999,1:2,OPEN,N/A
496,248,SELL (EXIT),2015-07-31,UNITEDTEA.NS,Weekly,183.0,102,210.03,19440.18,1982.88,61.19,1921.69,9.88514509639314,245503.2799999999,1:2,Success,N/A
497,249,BUY (ENTRY),2015-07-31,BANKINDIA.NS,Monthly,165.55,97,160.11,15530.670000000002,0.0,0.0,0.0,0.0,226277.5599999999,1:2,OPEN,N/A
498,249,SELL (EXIT),2015-08-17,BANKINDIA.NS,Monthly,165.55,97,180.63,15530.670000000002,1990.44,52.51,1937.93,12.478083688598108,247441.2099999999,1:2,Success,N/A
499,250,BUY (ENTRY),2015-08-17,GAIL.NS,Monthly,66.25,457,63.44,28992.079999999998,0.0,0.0,0.0,0.0,214754.0799999999,1:2,OPEN,N/A
500,250,SELL (EXIT),2015-08-20,GAIL.NS,Monthly,66.25,457,61.25,28992.079999999998,-1000.83,79.33,-1080.16,-3.725707158644706,246361.0499999999,1:2,Fail,N/A
501,251,BUY (ENTRY),2015-08-20,CUB.NS,Weekly,60.56,788,61.74,48651.12,0.0,0.0,0.0,0.0,194014.8799999999,1:2,OPEN,N/A
502,251,SELL (EXIT),2015-08-21,CUB.NS,Weekly,60.56,788,60.47,48651.12,-1000.76,123.02,-1123.78,-2.3098748805782887,245237.2699999999,1:2,Fail,N/A
503,252,BUY (ENTRY),2015-08-21,RELIGARE.NS,Monthly,290.25,36,315.31,11351.16,0.0,0.0,0.0,0.0,230191.0599999999,1:2,OPEN,N/A
504,252,SELL (EXIT),2015-08-24,RELIGARE.NS,Monthly,290.25,36,287.66,11351.16,-995.4,40.13,-1035.53,-9.122679972795732,244201.7399999999,1:2,Fail,N/A
505,253,BUY (ENTRY),2015-08-25,GPPL.NS,Weekly,196.0,41,188.19,7715.79,0.0,0.0,0.0,0.0,232790.8999999999,1:2,OPEN,N/A
506,253,SELL (EXIT),2015-10-29,GPPL.NS,Weekly,196.0,41,163.99,7715.79,-992.2,32.05,-1024.25,-13.27472624319739,243177.4899999999,1:2,Fail,N/A
507,254,BUY (ENTRY),2015-10-29,PFOCUS.NS,Weekly,47.3,285,51.45,14663.25,0.0,0.0,0.0,0.0,224819.18999999992,1:2,OPEN,N/A
508,254,SELL (EXIT),2015-12-09,PFOCUS.NS,Weekly,47.3,285,47.95,14663.25,-997.5,47.48,-1044.98,-7.126523792474384,242132.5099999999,1:2,Fail,N/A
509,255,BUY (ENTRY),2015-12-10,ONGC.NS,Monthly,145.13,271,145.48,39425.079999999994,0.0,0.0,0.0,0.0,199012.3799999999,1:2,OPEN,N/A
510,255,SELL (EXIT),2015-12-14,ONGC.NS,Monthly,145.13,271,141.79,39425.079999999994,-999.99,102.51,-1102.5,-2.796443279252699,241030.0099999999,1:2,Fail,N/A
511,256,BUY (ENTRY),2015-12-14,RECLTD.NS,Monthly,79.2,340,80.67,27427.8,0.0,0.0,0.0,0.0,209907.1599999999,1:2,OPEN,N/A
512,256,SELL (EXIT),2016-01-06,RECLTD.NS,Monthly,79.2,340,86.53,27427.8,1992.4,78.95,1913.45,6.976316000554182,242943.4599999999,1:2,Success,N/A
513,257,BUY (ENTRY),2016-01-06,TECHM.NS,Weekly,508.0,129,523.82,67572.78000000001,0.0,0.0,0.0,0.0,171675.6299999999,1:2,OPEN,N/A
514,257,SELL (EXIT),2016-01-07,TECHM.NS,Weekly,508.0,129,516.08,67572.78000000001,-998.46,165.07,-1163.53,-1.7218915663970016,241779.9299999999,1:2,Fail,N/A
515,258,BUY (ENTRY),2016-01-08,MUTHOOTFIN.NS,Weekly,175.0,186,179.68,33420.48,0.0,0.0,0.0,0.0,204664.3999999999,1:2,OPEN,N/A
516,258,SELL (EXIT),2016-01-12,MUTHOOTFIN.NS,Weekly,175.0,186,190.39,33420.48,1992.06,92.27,1899.79,5.684508421183657,243679.7199999999,1:2,Success,N/A
517,259,BUY (ENTRY),2016-01-12,HINDZINC.NS,Weekly,138.55,223,141.14,31474.219999999998,0.0,0.0,0.0,0.0,208510.44999999992,1:2,OPEN,N/A
518,259,SELL (EXIT),2016-01-20,HINDZINC.NS,Weekly,138.55,223,136.66,31474.219999999998,-999.04,84.84,-1083.88,-3.443707262642252,242595.8399999999,1:2,Fail,N/A
519,260,BUY (ENTRY),2016-01-20,CONCOR.NS,Monthly,401.92,47,380.86,17900.420000000002,0.0,0.0,0.0,0.0,221000.3699999999,1:2,OPEN,N/A
520,260,SELL (EXIT),2016-02-03,CONCOR.NS,Monthly,401.92,47,359.64,17900.420000000002,-997.34,54.68,-1052.02,-5.877068806206781,241543.81999999992,1:2,Fail,N/A
521,261,BUY (ENTRY),2016-02-03,MANAKALUCO.NS,Weekly,3.6,1647,3.8,6258.599999999999,0.0,0.0,0.0,0.0,231590.16999999993,1:2,OPEN,N/A
522,261,SELL (EXIT),2016-02-12,MANAKALUCO.NS,Weekly,3.6,1647,3.2,6258.599999999999,-988.2,28.82,-1017.02,-16.249960054964372,240526.79999999993,1:2,Fail,N/A
523,262,BUY (ENTRY),2016-02-15,PATANJALI.NS,Yearly,865.0,22,777.44,17103.68,0.0,0.0,0.0,0.0,219728.06999999992,1:2,OPEN,N/A
524,262,SELL (EXIT),2016-02-16,PATANJALI.NS,Yearly,865.0,22,732.6,17103.68,-986.48,52.92,-1039.4,-6.077054762483863,239487.39999999994,1:2,Fail,N/A
525,263,BUY (ENTRY),2016-02-16,VIVIDHA.NS,Monthly,30.53,656,31.38,20585.28,0.0,0.0,0.0,0.0,215207.06999999995,1:2,OPEN,N/A
526,263,SELL (EXIT),2016-02-17,VIVIDHA.NS,Monthly,30.53,656,34.43,20585.28,2000.8,63.75,1937.05,9.40987929238757,241424.44999999992,1:2,Success,N/A
527,264,BUY (ENTRY),2016-02-17,VINATIORGA.NS,Monthly,185.0,92,194.67,17909.64,0.0,0.0,0.0,0.0,219819.75999999992,1:2,OPEN,N/A
528,264,SELL (EXIT),2016-02-22,VINATIORGA.NS,Monthly,185.0,92,183.82,17909.64,-998.2,54.7,-1052.9,-5.8789568076186915,240371.54999999993,1:2,Fail,N/A
529,265,BUY (ENTRY),2016-02-22,CGPOWER.NS,Monthly,52.96,204,46.75,9537.0,0.0,0.0,0.0,0.0,227139.49999999994,1:2,OPEN,N/A
530,265,SELL (EXIT),2016-03-15,CGPOWER.NS,Monthly,52.96,204,41.86,9537.0,-997.56,36.09,-1033.65,-10.838313935199748,239337.89999999994,1:2,Fail,N/A
531,266,BUY (ENTRY),2016-03-16,BIL.NS,Weekly,438.95,41,448.4,18384.399999999998,0.0,0.0,0.0,0.0,217258.44999999995,1:2,OPEN,N/A
532,245,SELL (EXIT),2016-04-27,UMESLTD.NS,Monthly,2.8,1103,2.45,3695.05,-992.7,23.11,-1015.81,-27.491102962070872,238322.08999999994,1:2,Fail,N/A
533,267,BUY (ENTRY),2016-03-17,APOLLOHOSP.NS,Weekly,1330.8,21,1369.37,28756.769999999997,0.0,0.0,0.0,0.0,191180.91999999993,1:2,OPEN,N/A
534,267,SELL (EXIT),2016-03-30,APOLLOHOSP.NS,Weekly,1330.8,21,1322.68,28756.769999999997,-980.49,78.82,-1059.31,-3.683689093037918,237262.77999999994,1:2,Fail,N/A
535,268,BUY (ENTRY),2016-03-30,MANAKSTEEL.NS,Monthly,5.25,1513,5.76,8714.88,0.0,0.0,0.0,0.0,210163.49999999994,1:2,OPEN,N/A
536,268,SELL (EXIT),2016-04-12,MANAKSTEEL.NS,Monthly,5.25,1513,7.08,8714.88,1997.16,37.37,1959.79,22.487859844312258,239222.56999999995,1:2,Success,N/A
537,269,BUY (ENTRY),2016-04-12,TNTELE.NS,Weekly,2.65,4868,2.8,13630.4,0.0,0.0,0.0,0.0,207207.76999999996,1:2,OPEN,N/A
538,266,SELL (EXIT),2016-06-10,BIL.NS,Weekly,438.95,41,497.04,18384.399999999998,1994.24,58.85,1935.39,10.527349274384806,241157.95999999996,1:2,Success,N/A
539,270,BUY (ENTRY),2016-04-27,TIJARIA.NS,Weekly,5.05,1513,5.66,8563.58,0.0,0.0,0.0,0.0,218963.97999999995,1:2,OPEN,N/A
540,270,SELL (EXIT),2016-05-03,TIJARIA.NS,Weekly,5.05,1513,6.98,8563.58,1997.16,37.03,1960.13,22.88914215783586,243118.08999999997,1:2,Success,N/A
541,271,BUY (ENTRY),2016-05-03,TAKE.NS,Weekly,132.85,159,131.53,20913.27,0.0,0.0,0.0,0.0,208574.41999999998,1:2,OPEN,N/A
542,271,SELL (EXIT),2016-05-11,TAKE.NS,Weekly,132.85,159,144.04,20913.27,1989.09,64.47,1924.62,9.202864975204736,245042.70999999996,1:2,Success,N/A
543,272,BUY (ENTRY),2016-05-11,DCAL.NS,Weekly,163.38,112,159.86,17904.32,0.0,0.0,0.0,0.0,213507.98999999996,1:2,OPEN,N/A
544,272,SELL (EXIT),2016-05-31,DCAL.NS,Weekly,163.38,112,151.0,17904.32,-992.32,54.69,-1047.01,-5.847806562885382,243995.69999999995,1:2,Fail,N/A
545,273,BUY (ENTRY),2016-05-31,CUMMINSIND.NS,Monthly,790.0,57,794.69,45297.33,0.0,0.0,0.0,0.0,185067.96999999994,1:2,OPEN,N/A
546,273,SELL (EXIT),2016-06-01,CUMMINSIND.NS,Monthly,790.0,57,777.22,45297.33,-995.79,115.57,-1111.36,-2.4534779422981443,242884.33999999997,1:2,Fail,N/A
547,274,BUY (ENTRY),2016-06-01,FORTIS.NS,Weekly,162.3,133,163.06,21686.98,0.0,0.0,0.0,0.0,207566.95999999996,1:2,OPEN,N/A
548,269,SELL (EXIT),2016-06-24,TNTELE.NS,Weekly,2.65,4868,2.6,13630.4,-973.6,45.21,-1018.81,-7.474542199788707,241865.52999999997,1:2,Fail,N/A
549,275,BUY (ENTRY),2016-06-10,WELCORP.NS,Monthly,77.6,345,72.07,24864.149999999998,0.0,0.0,0.0,0.0,195314.39999999997,1:2,OPEN,N/A
550,275,SELL (EXIT),2016-06-20,WELCORP.NS,Monthly,77.6,345,77.85,24864.149999999998,1994.1,73.26,1920.84,7.725339494814825,243786.36999999997,1:2,Success,N/A
551,276,BUY (ENTRY),2016-06-20,BHARTIARTL.NS,Weekly,305.8,73,323.78,23635.94,0.0,0.0,0.0,0.0,198463.44999999995,1:2,OPEN,N/A
552,274,SELL (EXIT),2016-08-11,FORTIS.NS,Weekly,162.3,133,155.54,21686.98,-1000.16,63.09,-1063.25,-4.902711211980645,242723.11999999997,1:2,Fail,N/A
553,277,BUY (ENTRY),2016-06-24,DBSTOCKBRO.NS,Weekly,19.45,7241,19.12,138447.92,0.0,0.0,0.0,0.0,80639.25999999995,1:2,OPEN,N/A
554,277,SELL (EXIT),2016-06-28,DBSTOCKBRO.NS,Weekly,19.45,7241,18.98,138447.92,-1013.74,322.57,-1336.31,-0.9652077113184508,241386.80999999997,1:2,Fail,N/A
555,278,BUY (ENTRY),2016-06-28,ORIENTLTD.NS,Monthly,53.35,249,56.76,14133.24,0.0,0.0,0.0,0.0,203617.62999999998,1:2,OPEN,N/A
556,278,SELL (EXIT),2016-07-05,ORIENTLTD.NS,Monthly,53.35,249,64.78,14133.24,1996.98,49.41,1947.57,13.780067415539538,243334.37999999998,1:2,Success,N/A
557,279,BUY (ENTRY),2016-07-07,KICL.NS,Weekly,1480.15,12,1547.55,18570.6,0.0,0.0,0.0,0.0,201127.83999999997,1:2,OPEN,N/A
558,279,SELL (EXIT),2016-07-12,KICL.NS,Weekly,1480.15,12,1469.63,18570.6,-935.04,56.23,-991.27,-5.337845842352967,242343.11,1:2,Fail,N/A
559,280,BUY (ENTRY),2016-07-12,TNTELE.NS,Weekly,2.55,6445,2.65,17079.25,0.0,0.0,0.0,0.0,201627.91999999998,1:2,OPEN,N/A
560,280,SELL (EXIT),2016-07-19,TNTELE.NS,Weekly,2.55,6445,2.96,17079.25,1997.95,55.96,1941.99,11.370464159725984,244285.09999999998,1:2,Success,N/A
561,281,BUY (ENTRY),2016-07-20,PDSL.NS,Weekly,31.69,1033,34.13,35256.29,0.0,0.0,0.0,0.0,185392.87,1:2,OPEN,N/A
562,281,SELL (EXIT),2016-08-09,PDSL.NS,Weekly,31.69,1033,36.07,35256.29,2004.02,96.36,1907.66,5.410835910414851,246192.75999999998,1:2,Success,N/A
563,282,BUY (ENTRY),2016-08-09,EQUIPPP.NS,Monthly,26.0,197,31.03,6112.91,0.0,0.0,0.0,0.0,216443.90999999997,1:2,OPEN,N/A
564,276,SELL (EXIT),2016-09-29,BHARTIARTL.NS,Weekly,305.8,73,310.13,23635.94,-996.45,67.43,-1063.88,-4.501111442997402,245128.87999999998,1:2,Fail,N/A
565,283,BUY (ENTRY),2016-08-11,REDINGTON.NS,Monthly,48.75,171,53.3,9114.3,0.0,0.0,0.0,0.0,229901.66999999998,1:2,OPEN,N/A
566,282,SELL (EXIT),2016-11-09,EQUIPPP.NS,Monthly,26.0,197,25.97,6112.91,-996.82,28.48,-1025.3,-16.77269909094032,244103.58,1:2,Fail,N/A
567,284,BUY (ENTRY),2016-10-03,TDPOWERSYS.NS,Yearly,18.0,1051,18.59,19538.09,0.0,0.0,0.0,0.0,215451.19,1:2,OPEN,N/A
568,284,SELL (EXIT),2016-10-18,TDPOWERSYS.NS,Yearly,18.0,1051,20.5,19538.09,2007.41,61.43,1945.98,9.959929552991106,246049.56,1:2,Success,N/A
569,285,BUY (ENTRY),2016-10-18,CENTUM.NS,Monthly,450.1,47,505.5,23758.5,0.0,0.0,0.0,0.0,213176.76,1:2,OPEN,N/A
570,285,SELL (EXIT),2016-10-20,CENTUM.NS,Monthly,450.1,47,547.48,23758.5,1973.06,70.78,1902.28,8.006734431887535,247951.84,1:2,Success,N/A
571,286,BUY (ENTRY),2016-10-20,IVP.NS,Weekly,106.25,47,132.13,6210.11,0.0,0.0,0.0,0.0,232627.43,1:2,OPEN,N/A
572,283,SELL (EXIT),2016-11-22,REDINGTON.NS,Monthly,48.75,171,47.48,9114.3,-995.22,35.15,-1030.37,-11.304982280592037,246921.47,1:2,Fail,N/A
573,287,BUY (ENTRY),2016-11-10,SUZLON.NS,Monthly,11.75,468,13.14,6149.52,0.0,0.0,0.0,0.0,234561.84,1:2,OPEN,N/A
574,286,SELL (EXIT),2017-02-13,IVP.NS,Weekly,106.25,47,110.89,6210.11,-998.28,28.7,-1026.98,-16.537227198874096,245894.49,1:2,Fail,N/A
575,288,BUY (ENTRY),2016-11-22,TITAN.NS,Monthly,301.7,93,306.61,28514.73,0.0,0.0,0.0,0.0,211230.24,1:2,OPEN,N/A
576,288,SELL (EXIT),2016-11-30,TITAN.NS,Monthly,301.7,93,328.11,28514.73,1999.5,81.37,1918.13,6.726804006210124,247812.62,1:2,Success,N/A
577,289,BUY (ENTRY),2016-11-30,KOTAKBANK.NS,Weekly,149.1,273,150.75,41154.75,0.0,0.0,0.0,0.0,200508.34999999998,1:2,OPEN,N/A
578,289,SELL (EXIT),2016-12-02,KOTAKBANK.NS,Weekly,149.1,273,147.09,41154.75,-999.18,106.36,-1105.54,-2.686299880329731,246707.08,1:2,Fail,N/A
579,290,BUY (ENTRY),2016-12-06,FOSECOIND.NS,Weekly,1300.0,36,1300.35,46812.6,0.0,0.0,0.0,0.0,193744.96,1:2,OPEN,N/A
580,290,SELL (EXIT),2016-12-13,FOSECOIND.NS,Weekly,1300.0,36,1354.8,46812.6,1960.2,122.0,1838.2,3.926720583774454,248545.28,1:2,Success,N/A
581,291,BUY (ENTRY),2016-12-13,DEN.NS,Monthly,60.05,211,65.87,13898.570000000002,0.0,0.0,0.0,0.0,228497.19,1:2,OPEN,N/A
582,291,SELL (EXIT),2016-12-14,DEN.NS,Monthly,60.05,211,75.32,13898.570000000002,1993.95,48.89,1945.06,13.994677150239196,250490.34,1:2,Success,N/A
583,292,BUY (ENTRY),2016-12-16,NAUKRI.NS,Weekly,168.0,171,173.26,29627.46,0.0,0.0,0.0,0.0,214713.36,1:2,OPEN,N/A
584,292,SELL (EXIT),2016-12-20,NAUKRI.NS,Weekly,168.0,171,167.43,29627.46,-996.93,80.74,-1077.67,-3.6374025988052976,249412.66999999998,1:2,Fail,N/A
585,293,BUY (ENTRY),2016-12-20,EDELWEISS.NS,Weekly,47.21,220,48.8,10736.0,0.0,0.0,0.0,0.0,232527.15,1:2,OPEN,N/A
586,293,SELL (EXIT),2017-01-13,EDELWEISS.NS,Weekly,47.21,220,57.85,10736.0,1991.0,41.85,1949.15,18.155271982116243,251361.81999999998,1:2,Success,N/A
587,294,BUY (ENTRY),2017-01-19,TRITURBINE.NS,Weekly,113.3,309,116.12,35881.08,0.0,0.0,0.0,0.0,209331.21999999997,1:2,OPEN,N/A
588,294,SELL (EXIT),2017-02-03,TRITURBINE.NS,Weekly,113.3,309,122.57,35881.08,1993.05,97.74,1895.31,5.282198863579357,253257.12999999998,1:2,Success,N/A
589,295,BUY (ENTRY),2017-02-03,MARKSANS.NS,Monthly,37.6,1290,37.94,48942.6,0.0,0.0,0.0,0.0,198165.00999999998,1:2,OPEN,N/A
590,295,SELL (EXIT),2017-02-06,MARKSANS.NS,Monthly,37.6,1290,39.49,48942.6,1999.5,126.77,1872.73,3.826380290380977,255129.86,1:2,Success,N/A
591,296,BUY (ENTRY),2017-02-06,INDUSTOWER.NS,Monthly,301.5,96,304.25,29208.0,0.0,0.0,0.0,0.0,219772.33999999997,1:2,OPEN,N/A
592,287,SELL (EXIT),2017-02-15,SUZLON.NS,Monthly,11.75,468,17.42,6149.52,2003.04,31.67,1971.37,32.05729878104307,257101.22999999998,1:2,Success,N/A
593,297,BUY (ENTRY),2017-02-13,DHUNINV.NS,Weekly,162.05,114,170.17,19399.379999999997,0.0,0.0,0.0,0.0,208493.84999999998,1:2,OPEN,N/A
594,296,SELL (EXIT),2017-02-15,INDUSTOWER.NS,Monthly,301.5,96,324.95,29208.0,1987.2,82.9,1904.3,6.51978909887702,259005.52999999997,1:2,Success,N/A
595,297,SELL (EXIT),2017-02-15,DHUNINV.NS,Weekly,162.05,114,161.44,19399.379999999997,-995.22,58.01,-1053.23,-5.429194128884532,257952.29999999996,1:2,Fail,N/A
596,298,BUY (ENTRY),2017-02-15,BYKE.NS,Weekly,156.95,88,168.62,14838.560000000001,0.0,0.0,0.0,0.0,243113.73999999996,1:2,OPEN,N/A
597,298,SELL (EXIT),2017-02-16,BYKE.NS,Weekly,156.95,88,191.27,14838.560000000001,1993.2,50.97,1942.23,13.089073333261448,259894.52999999997,1:2,Success,N/A
598,299,BUY (ENTRY),2017-02-16,KAUSHALYA.NS,Weekly,440.0,15,490.49,7357.35,0.0,0.0,0.0,0.0,252537.17999999996,1:2,OPEN,N/A
599,300,BUY (ENTRY),2017-02-16,PRIMESECU.NS,Weekly,27.0,327,26.63,8708.01,0.0,0.0,0.0,0.0,243829.16999999998,1:2,OPEN,N/A
600,299,SELL (EXIT),2017-03-31,KAUSHALYA.NS,Weekly,440.0,15,424.58,7357.35,-988.65,31.26,-1019.91,-13.862464066545698,258874.61999999997,1:2,Fail,N/A
601,301,BUY (ENTRY),2017-03-14,ENGINERSIN.NS,Weekly,144.0,227,146.85,33334.95,0.0,0.0,0.0,0.0,216831.65999999997,1:2,OPEN,N/A
602,301,SELL (EXIT),2017-03-17,ENGINERSIN.NS,Weekly,144.0,227,155.63,33334.95,1993.06,92.08,1900.98,5.7026634208240905,260775.59999999998,1:2,Success,N/A
603,302,BUY (ENTRY),2017-03-17,VBL.NS,Weekly,20.8,1704,21.06,35886.24,0.0,0.0,0.0,0.0,216181.34999999998,1:2,OPEN,N/A
604,302,SELL (EXIT),2017-03-20,VBL.NS,Weekly,20.8,1704,22.23,35886.24,1993.68,97.75,1895.93,5.28316703003714,262671.52999999997,1:2,Success,N/A
605,303,BUY (ENTRY),2017-03-20,MCX.NS,Weekly,217.22,138,227.03,31330.14,0.0,0.0,0.0,0.0,222633.37999999998,1:2,OPEN,N/A
606,303,SELL (EXIT),2017-03-23,MCX.NS,Weekly,217.22,138,241.48,31330.14,1994.1,87.63,1906.47,6.085098885609831,264577.99999999994,1:2,Success,N/A
607,304,BUY (ENTRY),2017-03-23,HINDPETRO.NS,Weekly,222.69,137,228.67,31327.789999999997,0.0,0.0,0.0,0.0,224542.19999999995,1:2,OPEN,N/A
608,300,SELL (EXIT),2017-04-13,PRIMESECU.NS,Weekly,27.0,327,32.73,8708.01,1994.7,37.35,1957.35,22.477580985782055,266535.3499999999,1:2,Success,N/A
609,305,BUY (ENTRY),2017-03-31,COUNCODOS.NS,Monthly,3.3,2457,3.65,8968.05,0.0,0.0,0.0,0.0,226239.50999999992,1:2,OPEN,N/A
610,304,SELL (EXIT),2017-05-25,HINDPETRO.NS,Weekly,222.69,137,243.26,31327.789999999997,1998.83,87.63,1911.2,6.100653764596865,268446.54999999993,1:2,Success,N/A
611,306,BUY (ENTRY),2017-04-13,GMBREW.NS,Monthly,272.13,29,291.17,8443.93,0.0,0.0,0.0,0.0,251034.56999999992,1:2,OPEN,N/A
612,305,SELL (EXIT),2017-08-11,COUNCODOS.NS,Monthly,3.3,2457,3.25,8968.05,-982.8,34.84,-1017.64,-11.347394361092993,267428.9099999999,1:2,Fail,N/A
613,307,BUY (ENTRY),2017-05-25,LYKALABS.NS,Monthly,48.5,364,48.45,17635.8,0.0,0.0,0.0,0.0,241349.1799999999,1:2,OPEN,N/A
614,307,SELL (EXIT),2017-06-15,LYKALABS.NS,Monthly,48.5,364,45.7,17635.8,-1001.0,54.09,-1055.09,-5.982660270585967,266373.8199999999,1:2,Fail,N/A
615,308,BUY (ENTRY),2017-06-15,AARTIDRUGS.NS,Weekly,131.25,86,129.63,11148.18,0.0,0.0,0.0,0.0,246781.7099999999,1:2,OPEN,N/A
616,306,SELL (EXIT),2017-12-22,GMBREW.NS,Monthly,272.13,29,257.28,8443.93,-982.81,33.68,-1016.49,-12.03811495358204,265357.3299999999,1:2,Fail,N/A
617,309,BUY (ENTRY),2017-08-11,MBLINFRA.NS,Monthly,23.25,501,23.82,11933.82,0.0,0.0,0.0,0.0,242275.3299999999,1:2,OPEN,N/A
618,309,SELL (EXIT),2017-09-18,MBLINFRA.NS,Monthly,23.25,501,21.83,11933.82,-996.99,41.42,-1038.41,-8.701404914771633,264318.9199999999,1:2,Fail,N/A
619,310,BUY (ENTRY),2017-09-18,WIPRO.NS,Weekly,106.84,322,108.45,34920.9,0.0,0.0,0.0,0.0,218249.8399999999,1:2,OPEN,N/A
620,310,SELL (EXIT),2017-09-29,WIPRO.NS,Weekly,106.84,322,105.34,34920.9,-1001.42,92.5,-1093.92,-3.132565311890587,263224.99999999994,1:2,Fail,N/A
621,311,BUY (ENTRY),2017-09-29,CARERATING.NS,Monthly,1380.0,23,1348.3,31010.899999999998,0.0,0.0,0.0,0.0,221065.91999999993,1:2,OPEN,N/A
622,311,SELL (EXIT),2017-10-11,CARERATING.NS,Monthly,1380.0,23,1435.2,31010.899999999998,1998.7,86.92,1911.78,6.164864612120255,265136.77999999997,1:2,Success,N/A
623,312,BUY (ENTRY),2017-10-11,BVCL.NS,Weekly,26.1,391,27.88,10901.08,0.0,0.0,0.0,0.0,243087.51999999996,1:2,OPEN,N/A
624,312,SELL (EXIT),2017-11-17,BVCL.NS,Weekly,26.1,391,25.32,10901.08,-1000.96,39.12,-1040.08,-9.541072994602368,264096.69999999995,1:2,Fail,N/A
625,313,BUY (ENTRY),2017-11-17,SUZLON.NS,Monthly,13.27,1402,12.45,17454.899999999998,0.0,0.0,0.0,0.0,235493.61999999997,1:2,OPEN,N/A
626,313,SELL (EXIT),2017-11-28,SUZLON.NS,Monthly,13.27,1402,13.88,17454.899999999998,2004.86,56.8,1948.06,11.160533718325514,266044.75999999995,1:2,Success,N/A
627,314,BUY (ENTRY),2017-11-28,ACEINTEG.NS,Weekly,18.93,269,22.96,6176.24,0.0,0.0,0.0,0.0,248720.33999999997,1:2,OPEN,N/A
628,308,SELL (EXIT),2018-01-05,AARTIDRUGS.NS,Weekly,131.25,86,152.62,11148.18,1977.14,42.76,1934.38,17.351531819543638,267979.13999999996,1:2,Success,N/A
629,315,BUY (ENTRY),2017-12-22,GREAVESCOT.NS,Monthly,112.6,98,124.12,12163.76,0.0,0.0,0.0,0.0,249639.13999999996,1:2,OPEN,N/A
630,315,SELL (EXIT),2018-01-04,GREAVESCOT.NS,Monthly,112.6,98,144.4,12163.76,1987.44,45.02,1942.42,15.968910928857524,269921.55999999994,1:2,Success,N/A
631,316,BUY (ENTRY),2018-01-04,AVADHSUGAR.NS,Weekly,466.52,97,407.88,39564.36,0.0,0.0,0.0,0.0,224180.95999999993,1:2,OPEN,N/A
632,314,SELL (EXIT),2018-01-05,ACEINTEG.NS,Weekly,18.93,269,30.37,6176.24,1993.29,31.72,1961.57,31.759938085307564,271883.12999999995,1:2,Success,N/A
633,316,SELL (EXIT),2018-01-05,AVADHSUGAR.NS,Weekly,466.52,97,428.44,39564.36,1994.32,105.93,1888.39,4.772957277711557,273771.51999999996,1:2,Success,N/A
634,317,BUY (ENTRY),2018-01-05,GODFRYPHLP.NS,Weekly,320.7,214,330.98,70829.72,0.0,0.0,0.0,0.0,202941.79999999996,1:2,OPEN,N/A
635,318,BUY (ENTRY),2018-01-05,SURYALAXMI.NS,Weekly,87.0,49,105.1,5149.9,0.0,0.0,0.0,0.0,197791.89999999997,1:2,OPEN,N/A
636,317,SELL (EXIT),2018-02-02,GODFRYPHLP.NS,Weekly,320.7,214,340.3,70829.72,1994.48,175.41,1819.07,2.568229833465387,275590.58999999997,1:2,Success,N/A
637,319,BUY (ENTRY),2018-01-12,EICHERMOT.NS,Weekly,2811.1,13,2855.35,37119.549999999996,0.0,0.0,0.0,0.0,233321.13999999996,1:2,OPEN,N/A
638,319,SELL (EXIT),2018-01-16,EICHERMOT.NS,Weekly,2811.1,13,2779.27,37119.549999999996,-989.04,97.4,-1086.44,-2.926867378510785,274504.14999999997,1:2,Fail,N/A
639,320,BUY (ENTRY),2018-01-17,3PLAND.NS,Weekly,11.0,251,16.07,4033.57,0.0,0.0,0.0,0.0,265320.68,1:2,OPEN,N/A
640,318,SELL (EXIT),2018-02-06,SURYALAXMI.NS,Weekly,87.0,49,84.92,5149.9,-988.82,26.35,-1015.17,-19.71242160041943,273488.98,1:2,Fail,N/A
641,321,BUY (ENTRY),2018-02-05,POWERGRID.NS,Weekly,108.79,272,109.88,29887.36,0.0,0.0,0.0,0.0,239568.05,1:2,OPEN,N/A
642,320,SELL (EXIT),2018-04-19,3PLAND.NS,Weekly,11.0,251,12.09,4033.57,-998.98,23.86,-1022.84,-25.3581814620795,272466.13999999996,1:2,Fail,N/A
643,322,BUY (ENTRY),2018-02-06,TCPLPACK.NS,Weekly,580.0,13,643.64,8367.32,0.0,0.0,0.0,0.0,234211.45999999996,1:2,OPEN,N/A
644,322,SELL (EXIT),2018-03-07,TCPLPACK.NS,Weekly,580.0,13,569.43,8367.32,-964.73,33.53,-998.26,-11.930462800514382,271467.87999999995,1:2,Fail,N/A
645,323,BUY (ENTRY),2018-03-08,NATIONALUM.NS,Monthly,61.35,388,63.21,24525.48,0.0,0.0,0.0,0.0,217055.03999999995,1:2,OPEN,N/A
646,323,SELL (EXIT),2018-03-22,NATIONALUM.NS,Monthly,61.35,388,68.36,24525.48,1998.2,72.51,1925.69,7.851793318622102,273393.56999999995,1:2,Success,N/A
647,324,BUY (ENTRY),2018-03-22,SOTL.NS,Weekly,268.36,73,279.28,20387.44,0.0,0.0,0.0,0.0,223118.76999999996,1:2,OPEN,N/A
648,321,SELL (EXIT),2018-05-09,POWERGRID.NS,Weekly,108.79,272,117.23,29887.36,1999.2,84.42,1914.78,6.406654853422985,275308.35,1:2,Success,N/A
649,325,BUY (ENTRY),2018-04-19,GVT&D.NS,Weekly,366.8,73,380.33,27764.09,0.0,0.0,0.0,0.0,227156.81999999998,1:2,OPEN,N/A
650,324,SELL (EXIT),2018-05-21,SOTL.NS,Weekly,268.36,73,265.73,20387.44,-989.15,60.22,-1049.37,-5.147139611447048,274258.98,1:2,Fail,N/A
651,326,BUY (ENTRY),2018-05-09,KOHINOOR.NS,Monthly,61.1,300,64.26,19278.0,0.0,0.0,0.0,0.0,227216.88999999998,1:2,OPEN,N/A
652,326,SELL (EXIT),2018-05-11,KOHINOOR.NS,Monthly,61.1,300,60.94,19278.0,-996.0,57.74,-1053.74,-5.466023446415604,273205.24,1:2,Fail,N/A
653,327,BUY (ENTRY),2018-05-11,J&KBANK.NS,Weekly,55.26,498,53.95,26867.100000000002,0.0,0.0,0.0,0.0,218574.05,1:2,OPEN,N/A
654,327,SELL (EXIT),2018-05-17,J&KBANK.NS,Weekly,55.26,498,51.95,26867.100000000002,-996.0,74.61,-1070.61,-3.9848364728608585,272134.63,1:2,Fail,N/A
655,328,BUY (ENTRY),2018-05-17,RPOWER.NS,Yearly,33.1,732,33.73,24690.359999999997,0.0,0.0,0.0,0.0,219680.18,1:2,OPEN,N/A
656,328,SELL (EXIT),2018-05-18,RPOWER.NS,Yearly,33.1,732,36.47,24690.359999999997,2005.68,72.88,1932.8,7.828156414082257,274067.43,1:2,Success,N/A
657,329,BUY (ENTRY),2018-05-18,ARIHANT.NS,Monthly,38.0,330,39.64,13081.2,0.0,0.0,0.0,0.0,233222.13999999998,1:2,OPEN,N/A
658,325,SELL (EXIT),2018-06-04,GVT&D.NS,Weekly,366.8,73,366.63,27764.09,-1000.1,76.6,-1076.7,-3.8780309385252676,272990.73,1:2,Fail,N/A
659,330,BUY (ENTRY),2018-05-21,HMT.NS,Monthly,27.1,995,27.83,27690.85,0.0,0.0,0.0,0.0,232218.68,1:2,OPEN,N/A
660,330,SELL (EXIT),2018-05-22,HMT.NS,Monthly,27.1,995,26.82,27690.85,-1004.95,76.43,-1081.38,-3.9051888981378333,271909.35,1:2,Fail,N/A
661,331,BUY (ENTRY),2018-05-22,JKLAKSHMI.NS,Monthly,375.0,77,385.08,29651.16,0.0,0.0,0.0,0.0,229176.99,1:2,OPEN,N/A
662,331,SELL (EXIT),2018-05-25,JKLAKSHMI.NS,Monthly,375.0,77,372.18,29651.16,-993.3,80.8,-1074.1,-3.6224552428977477,270835.25,1:2,Fail,N/A
663,332,BUY (ENTRY),2018-05-25,APOLLOHOSP.NS,Monthly,957.15,33,975.57,32193.81,0.0,0.0,0.0,0.0,225560.24,1:2,OPEN,N/A
664,332,SELL (EXIT),2018-05-31,APOLLOHOSP.NS,Monthly,957.15,33,945.45,32193.81,-993.96,86.45,-1080.41,-3.3559556945884936,269754.84,1:2,Fail,N/A
665,333,BUY (ENTRY),2018-05-31,NAGREEKEXP.NS,Monthly,14.3,504,16.21,8169.84,0.0,0.0,0.0,0.0,248503.80000000002,1:2,OPEN,N/A
666,329,SELL (EXIT),2018-06-05,ARIHANT.NS,Monthly,38.0,330,36.61,13081.2,-999.9,43.97,-1043.87,-7.979925389108032,268710.97000000003,1:2,Fail,N/A
667,333,SELL (EXIT),2018-06-05,NAGREEKEXP.NS,Monthly,14.3,504,14.23,8169.84,-997.92,33.05,-1030.97,-12.619218981032676,267680.00000000006,1:2,Fail,N/A
668,334,BUY (ENTRY),2018-06-06,NDL.NS,Monthly,3.23,2489,2.73,6794.97,0.0,0.0,0.0,0.0,260885.03000000006,1:2,OPEN,N/A
669,335,BUY (ENTRY),2018-06-06,NDL.NS,Monthly,3.23,2489,2.73,6794.97,0.0,0.0,0.0,0.0,254090.06000000006,1:2,OPEN,N/A
670,334,SELL (EXIT),2018-07-19,NDL.NS,Monthly,3.23,2489,2.33,6794.97,-995.6,30.0,-1025.6,-15.09351770500826,266654.4000000001,1:2,Fail,N/A
671,335,SELL (EXIT),2018-07-19,NDL.NS,Monthly,3.23,2489,2.33,6794.97,-995.6,30.0,-1025.6,-15.09351770500826,265628.8000000001,1:2,Fail,N/A
672,336,BUY (ENTRY),2018-07-19,GOLDENTOBC.NS,Monthly,32.2,268,39.84,10677.12,0.0,0.0,0.0,0.0,254951.6800000001,1:3,OPEN,N/A
673,337,BUY (ENTRY),2018-07-19,GOLDENTOBC.NS,Monthly,36.6,268,39.84,10677.12,0.0,0.0,0.0,0.0,244274.5600000001,1:3,OPEN,N/A
674,336,SELL (EXIT),2018-07-31,GOLDENTOBC.NS,Monthly,32.2,268,36.11,10677.12,-999.64,38.62,-1038.26,-9.724157825331174,264590.5400000001,1:3,Fail,N/A
675,337,SELL (EXIT),2018-07-31,GOLDENTOBC.NS,Monthly,36.6,268,36.11,10677.12,-999.64,38.62,-1038.26,-9.724157825331174,263552.2800000001,1:3,Fail,N/A
676,338,BUY (ENTRY),2018-07-31,GSS.NS,Weekly,70.0,335,68.42,22920.7,0.0,0.0,0.0,0.0,240631.58000000007,1:2,OPEN,N/A
677,339,BUY (ENTRY),2018-07-31,SHRENIK.NS,Weekly,26.82,397,29.16,11576.52,0.0,0.0,0.0,0.0,229055.06000000008,1:2,OPEN,N/A
678,338,SELL (EXIT),2018-08-03,GSS.NS,Weekly,70.0,335,74.39,22920.7,1999.95,68.94,1931.01,8.424742699830285,265483.2900000001,1:2,Success,N/A
679,340,BUY (ENTRY),2018-08-01,RGL.NS,Weekly,53.0,356,53.85,19170.600000000002,0.0,0.0,0.0,0.0,234736.1700000001,1:2,OPEN,N/A
680,339,SELL (EXIT),2018-08-07,SHRENIK.NS,Weekly,26.82,397,34.19,11576.52,1996.91,43.73,1953.18,16.871909693068382,267436.4700000001,1:2,Success,N/A
681,341,BUY (ENTRY),2018-08-03,INDIGO.NS,Weekly,1004.0,20,972.97,19459.4,0.0,0.0,0.0,0.0,228806.4700000001,1:2,OPEN,N/A
682,341,SELL (EXIT),2018-08-06,INDIGO.NS,Weekly,1004.0,20,1072.76,19459.4,1995.8,61.25,1934.55,9.9414678767074,269371.0200000001,1:2,Success,N/A
683,342,BUY (ENTRY),2018-08-06,BAGFILMS.NS,Monthly,3.95,1643,4.5,7393.5,0.0,0.0,0.0,0.0,242806.92000000007,1:2,OPEN,N/A
684,340,SELL (EXIT),2018-08-20,RGL.NS,Weekly,53.0,356,59.46,19170.600000000002,1997.16,60.61,1936.55,10.101666092871374,271307.57000000007,1:2,Success,N/A
685,343,BUY (ENTRY),2018-08-07,VSTIND.NS,Monthly,235.55,124,246.61,30579.640000000003,0.0,0.0,0.0,0.0,233334.43000000005,1:2,OPEN,N/A
686,343,SELL (EXIT),2018-08-09,VSTIND.NS,Monthly,235.55,124,262.67,30579.640000000003,1991.44,85.96,1905.48,6.2312048147067784,273213.05000000005,1:2,Success,N/A
687,344,BUY (ENTRY),2018-08-09,SERVOTECH.NS,Monthly,2.83,2526,3.1,7830.6,0.0,0.0,0.0,0.0,257988.95000000004,1:2,OPEN,N/A
688,342,SELL (EXIT),2018-09-25,BAGFILMS.NS,Monthly,3.95,1643,5.72,7393.5,2004.46,34.44,1970.02,26.645296544261853,275183.07000000007,1:2,Success,N/A
689,345,BUY (ENTRY),2018-08-20,SKIPPER.NS,Monthly,119.14,78,123.02,9595.56,0.0,0.0,0.0,0.0,257756.91000000006,1:2,OPEN,N/A
690,345,SELL (EXIT),2018-09-21,SKIPPER.NS,Monthly,119.14,78,110.29,9595.56,-992.94,36.23,-1029.17,-10.72548136846625,274153.9000000001,1:2,Fail,N/A
691,346,BUY (ENTRY),2018-09-21,NAGREEKCAP.NS,Weekly,14.4,885,15.32,13558.2,0.0,0.0,0.0,0.0,252765.1000000001,1:2,OPEN,N/A
692,344,SELL (EXIT),2018-10-03,SERVOTECH.NS,Monthly,2.83,2526,2.71,7830.6,-985.14,32.31,-1017.45,-12.993257221668838,273136.45000000007,1:2,Fail,N/A
693,347,BUY (ENTRY),2018-09-25,GVPIL.NS,Weekly,730.05,20,731.18,14623.599999999999,0.0,0.0,0.0,0.0,244954.65000000008,1:2,OPEN,N/A
694,346,SELL (EXIT),2018-10-16,NAGREEKCAP.NS,Weekly,14.4,885,14.19,13558.2,-1000.05,45.03,-1045.08,-7.7081028455104645,272091.37000000005,1:2,Fail,N/A
695,348,BUY (ENTRY),2018-10-03,SUZLON.NS,Yearly,5.23,1532,5.29,8104.28,0.0,0.0,0.0,0.0,249363.49000000005,1:2,OPEN,N/A
696,347,SELL (EXIT),2018-11-29,GVPIL.NS,Weekly,730.05,20,826.81,14623.599999999999,1912.6,50.41,1862.19,12.734142071719686,273953.56000000006,1:2,Success,N/A
697,349,BUY (ENTRY),2018-10-16,LANDSMILL.NS,Yearly,0.3,48606,0.3,14581.8,0.0,0.0,0.0,0.0,251267.48000000007,1:2,OPEN,N/A
698,349,SELL (EXIT),2018-11-06,LANDSMILL.NS,Yearly,0.3,48606,0.28,14581.8,-972.12,47.33,-1019.45,-6.991249365647589,272934.11000000004,1:2,Fail,N/A
699,350,BUY (ENTRY),2018-11-06,ORCHPHARMA.NS,Weekly,4.75,2438,5.26,12823.88,0.0,0.0,0.0,0.0,252005.95000000004,1:2,OPEN,N/A
700,350,SELL (EXIT),2018-11-12,ORCHPHARMA.NS,Weekly,4.75,2438,6.08,12823.88,1999.16,46.5,1952.66,15.226748846682908,274886.77,1:2,Success,N/A
701,351,BUY (ENTRY),2018-11-12,ALKEM.NS,Weekly,1850.0,11,1930.88,21239.68,0.0,0.0,0.0,0.0,245542.81000000003,1:2,OPEN,N/A
702,348,SELL (EXIT),2018-11-29,SUZLON.NS,Yearly,5.23,1532,4.63,8104.28,-1011.12,32.89,-1044.01,-12.88220545193404,273842.76,1:2,Fail,N/A
703,351,SELL (EXIT),2018-11-29,ALKEM.NS,Weekly,1850.0,11,1843.35,21239.68,-962.83,62.14,-1024.97,-4.825731837767801,272817.79000000004,1:2,Fail,N/A
704,352,BUY (ENTRY),2018-11-29,TATASTEEL.NS,Weekly,52.94,885,52.94,46851.9,0.0,0.0,0.0,0.0,225965.89000000004,1:2,OPEN,N/A
705,353,BUY (ENTRY),2018-11-29,ALBERTDAVD.NS,Weekly,446.25,43,396.15,17034.45,0.0,0.0,0.0,0.0,208931.44000000003,1:2,OPEN,N/A
706,352,SELL (EXIT),2018-12-07,TATASTEEL.NS,Weekly,52.94,885,55.2,46851.9,2000.1,122.13,1877.97,4.008311295806574,274695.76,1:2,Success,N/A
707,354,BUY (ENTRY),2018-12-03,MOKSH.NS,Monthly,4.0,8496,3.9,33134.4,0.0,0.0,0.0,0.0,224526.91,1:3,OPEN,N/A
708,353,SELL (EXIT),2018-12-10,ALBERTDAVD.NS,Weekly,446.25,43,373.18,17034.45,-987.71,52.76,-1040.47,-6.108034013425734,273655.29000000004,1:2,Fail,N/A
709,355,BUY (ENTRY),2018-12-07,RAMASTEEL.NS,Weekly,0.98,26830,0.99,26561.7,0.0,0.0,0.0,0.0,213959.19000000003,1:2,OPEN,N/A
710,354,SELL (EXIT),2018-12-10,MOKSH.NS,Monthly,4.0,8496,4.26,33134.4,3058.56,92.74,2965.82,8.950878844946642,276621.11000000004,1:3,Success,N/A
711,355,SELL (EXIT),2018-12-10,RAMASTEEL.NS,Weekly,0.98,26830,0.95,26561.7,-1073.2,73.85,-1147.05,-4.318435943482533,275474.06000000006,1:2,Fail,N/A
712,356,BUY (ENTRY),2018-12-10,BLISSGVS.NS,Monthly,129.15,68,141.64,9631.519999999999,0.0,0.0,0.0,0.0,265842.54000000004,1:2,OPEN,N/A
713,357,BUY (ENTRY),2018-12-10,BLISSGVS.NS,Monthly,129.15,68,141.64,9631.519999999999,0.0,0.0,0.0,0.0,256211.02000000005,1:2,OPEN,N/A
714,356,SELL (EXIT),2019-01-02,BLISSGVS.NS,Monthly,129.15,68,170.98,9631.519999999999,1995.12,39.4,1955.72,20.305413891057697,277429.78,1:2,Success,N/A
715,357,SELL (EXIT),2019-01-02,BLISSGVS.NS,Monthly,129.15,68,170.98,9631.519999999999,1995.12,39.4,1955.72,20.305413891057697,279385.5,1:2,Success,N/A
716,358,BUY (ENTRY),2019-01-04,RKEC.NS,Weekly,60.0,413,60.36,24928.68,0.0,0.0,0.0,0.0,254456.82,1:2,OPEN,N/A
717,359,BUY (ENTRY),2019-01-04,RKEC.NS,Weekly,60.0,413,60.36,24928.68,0.0,0.0,0.0,0.0,229528.14,1:2,OPEN,N/A
718,358,SELL (EXIT),2019-01-07,RKEC.NS,Weekly,60.0,413,57.94,24928.68,-999.46,70.3,-1069.76,-4.291282169773931,278315.74,1:2,Fail,N/A
719,359,SELL (EXIT),2019-01-07,RKEC.NS,Weekly,60.0,413,57.94,24928.68,-999.46,70.3,-1069.76,-4.291282169773931,277245.98,1:2,Fail,N/A
720,360,BUY (ENTRY),2019-01-07,NHPC.NS,Weekly,25.6,2217,25.73,57043.41,0.0,0.0,0.0,0.0,220202.56999999998,1:2,OPEN,N/A
721,361,BUY (ENTRY),2019-01-07,SARVESHWAR.NS,Weekly,0.89,22177,0.9,19959.3,0.0,0.0,0.0,0.0,200243.26999999996,1:2,OPEN,N/A
722,361,SELL (EXIT),2019-01-15,SARVESHWAR.NS,Weekly,0.89,22177,0.99,19959.3,1995.93,62.36,1933.57,9.687564193133026,279179.55,1:2,Success,N/A
723,362,BUY (ENTRY),2019-01-15,TATAELXSI.NS,Weekly,952.55,49,975.37,47793.13,0.0,0.0,0.0,0.0,174343.00999999998,1:2,OPEN,N/A
724,360,SELL (EXIT),2019-01-24,NHPC.NS,Weekly,25.6,2217,25.27,57043.41,-1019.82,141.65,-1161.47,-2.0361160035839374,278018.08,1:2,Fail,N/A
725,363,BUY (ENTRY),2019-01-18,AARVI.NS,Weekly,46.15,419,43.44,18201.36,0.0,0.0,0.0,0.0,212023.59000000003,1:2,OPEN,N/A
726,362,SELL (EXIT),2019-03-28,TATAELXSI.NS,Weekly,952.55,49,955.04,47793.13,-996.17,121.12,-1117.29,-2.337762770506975,276900.79000000004,1:2,Fail,N/A
727,364,BUY (ENTRY),2019-01-24,OMAXAUTO.NS,Weekly,73.05,112,80.18,8980.16,0.0,0.0,0.0,0.0,249719.27000000005,1:2,OPEN,N/A
728,364,SELL (EXIT),2019-02-26,OMAXAUTO.NS,Weekly,73.05,112,97.98,8980.16,1993.6,37.95,1955.65,21.777451626697076,278856.44000000006,1:2,Success,N/A
729,365,BUY (ENTRY),2019-02-26,GKWLIMITED.NS,Weekly,838.0,33,861.41,28426.53,0.0,0.0,0.0,0.0,232228.55000000005,1:2,OPEN,N/A
730,365,SELL (EXIT),2019-03-05,GKWLIMITED.NS,Weekly,838.0,33,921.9,28426.53,1996.17,81.18,1914.99,6.736629479574187,280771.43000000005,1:2,Success,N/A
731,366,BUY (ENTRY),2019-03-05,MANINDS.NS,Monthly,66.05,109,64.06,6982.54,0.0,0.0,0.0,0.0,255587.53000000006,1:2,OPEN,N/A
732,363,SELL (EXIT),2019-06-12,AARVI.NS,Weekly,46.15,419,41.06,18201.36,-997.22,55.35,-1052.57,-5.782919518101943,279718.86000000004,1:2,Fail,N/A
733,367,BUY (ENTRY),2019-03-28,ENIL.NS,Weekly,511.55,68,519.17,35303.56,0.0,0.0,0.0,0.0,237432.76000000004,1:2,OPEN,N/A
734,367,SELL (EXIT),2019-04-01,ENIL.NS,Weekly,511.55,68,548.42,35303.56,1989.0,96.45,1892.55,5.360790809765361,281611.41000000003,1:2,Success,N/A
735,368,BUY (ENTRY),2019-04-01,CEREBRAINT.NS,Monthly,24.55,909,25.58,23252.219999999998,0.0,0.0,0.0,0.0,251376.65000000002,1:2,OPEN,N/A
736,368,SELL (EXIT),2019-04-03,CEREBRAINT.NS,Monthly,24.55,909,27.78,23252.219999999998,1999.8,69.68,1930.12,8.300798805447394,283541.53,1:2,Success,N/A
737,369,BUY (ENTRY),2019-04-03,ARENTERP.NS,Weekly,13.3,931,12.11,11274.41,0.0,0.0,0.0,0.0,265284.58,1:2,OPEN,N/A
738,369,SELL (EXIT),2019-06-06,ARENTERP.NS,Weekly,13.3,931,11.04,11274.41,-996.17,39.95,-1036.12,-9.190015264656862,282505.41000000003,1:2,Fail,N/A
739,370,BUY (ENTRY),2019-06-06,AVROIND.NS,Monthly,1.25,55926,0.88,49214.88,0.0,0.0,0.0,0.0,226307.99000000005,1:2,OPEN,N/A
740,370,SELL (EXIT),2019-06-07,AVROIND.NS,Monthly,1.25,55926,0.92,49214.88,2237.04,127.63,2109.41,4.286122408507346,284614.82,1:2,Success,N/A
741,371,BUY (ENTRY),2019-06-07,JUBLPHARMA.NS,Monthly,440.02,52,356.78,18552.559999999998,0.0,0.0,0.0,0.0,259079.72,1:2,OPEN,N/A
742,366,SELL (EXIT),2019-07-19,MANINDS.NS,Monthly,66.05,109,54.94,6982.54,-994.08,30.42,-1024.5,-14.672311221990853,283590.32,1:2,Fail,N/A
743,372,BUY (ENTRY),2019-06-12,RGL.NS,Monthly,56.23,768,56.46,43361.28,0.0,0.0,0.0,0.0,221676.48,1:2,OPEN,N/A
744,372,SELL (EXIT),2019-06-14,RGL.NS,Monthly,56.23,768,55.15,43361.28,-1006.08,111.26,-1117.34,-2.576815075569725,282472.98,1:2,Fail,N/A
745,373,BUY (ENTRY),2019-06-14,MBLINFRA.NS,Monthly,11.2,1770,7.66,13558.2,0.0,0.0,0.0,0.0,250362.21999999997,1:2,OPEN,N/A
746,373,SELL (EXIT),2019-06-18,MBLINFRA.NS,Monthly,11.2,1770,7.09,13558.2,-1008.9,45.02,-1053.92,-7.7733032408431795,281419.06,1:2,Fail,N/A
747,374,BUY (ENTRY),2019-06-18,PFOCUS.NS,Monthly,49.3,163,55.86,9105.18,0.0,0.0,0.0,0.0,253761.32,1:2,OPEN,N/A
748,374,SELL (EXIT),2019-07-09,PFOCUS.NS,Monthly,49.3,163,49.75,9105.18,-995.93,35.13,-1031.06,-11.323883767262151,280388.0,1:2,Fail,N/A
749,375,BUY (ENTRY),2019-07-09,GLENMARK.NS,Monthly,493.5,62,439.24,27232.88,0.0,0.0,0.0,0.0,234602.56,1:2,OPEN,N/A
750,371,SELL (EXIT),2019-07-22,JUBLPHARMA.NS,Monthly,440.02,52,337.58,18552.559999999998,-998.4,56.13,-1054.53,-5.6840134191723415,279333.47,1:2,Fail,N/A
751,376,BUY (ENTRY),2019-07-19,EIFFL.NS,Monthly,99.5,53,111.86,5928.58,0.0,0.0,0.0,0.0,246172.00999999998,1:2,OPEN,N/A
752,375,SELL (EXIT),2019-08-26,GLENMARK.NS,Monthly,493.5,62,423.23,27232.88,-992.62,75.43,-1068.05,-3.9219135104329763,278265.42,1:2,Fail,N/A
753,377,BUY (ENTRY),2019-07-22,VIKASECO.NS,Monthly,4.74,3916,2.85,11160.6,0.0,0.0,0.0,0.0,261176.24,1:2,OPEN,N/A
754,377,SELL (EXIT),2019-07-25,VIKASECO.NS,Monthly,4.74,3916,3.36,11160.6,1997.16,42.8,1954.36,17.51124491514793,280219.77999999997,1:2,Success,N/A
755,378,BUY (ENTRY),2019-07-25,WONDERLA.NS,Monthly,258.7,38,258.26,9813.88,0.0,0.0,0.0,0.0,264477.31999999995,1:2,OPEN,N/A
756,376,SELL (EXIT),2019-08-27,EIFFL.NS,Monthly,99.5,53,93.01,5928.58,-999.05,28.07,-1027.12,-17.324890614615978,279192.66,1:2,Fail,N/A
757,379,BUY (ENTRY),2019-08-26,TRF.NS,Yearly,85.1,140,78.28,10959.2,0.0,0.0,0.0,0.0,258419.57999999996,1:2,OPEN,N/A
758,378,SELL (EXIT),2019-08-27,WONDERLA.NS,Monthly,258.7,38,232.02,9813.88,-997.12,36.71,-1033.83,-10.534365612785157,278158.82999999996,1:2,Fail,N/A
759,379,SELL (EXIT),2019-08-27,TRF.NS,Yearly,85.1,140,92.48,10959.2,1988.0,42.35,1945.65,17.753576903423607,280104.48,1:2,Success,N/A
760,380,BUY (ENTRY),2019-08-27,KESORAMIND.NS,Yearly,39.97,449,42.83,19230.67,0.0,0.0,0.0,0.0,260873.81,1:2,OPEN,N/A
761,381,BUY (ENTRY),2019-08-27,KESORAMIND.NS,Yearly,39.97,449,42.83,19230.67,0.0,0.0,0.0,0.0,241643.13999999998,1:2,OPEN,N/A
762,380,SELL (EXIT),2019-09-05,KESORAMIND.NS,Yearly,39.97,449,40.61,19230.67,-996.78,57.64,-1054.42,-5.48301229234343,279050.06,1:2,Fail,N/A
763,381,SELL (EXIT),2019-09-05,KESORAMIND.NS,Yearly,39.97,449,40.61,19230.67,-996.78,57.64,-1054.42,-5.48301229234343,277995.64,1:2,Fail,N/A
764,382,BUY (ENTRY),2019-09-05,AURIONPRO.NS,Monthly,43.53,685,42.97,29434.45,0.0,0.0,0.0,0.0,248561.19,1:2,OPEN,N/A
765,383,BUY (ENTRY),2019-09-05,HEALTHX.NS,Monthly,85.0,488,100.15,48873.200000000004,0.0,0.0,0.0,0.0,199687.99,1:2,OPEN,N/A
766,383,SELL (EXIT),2019-09-11,HEALTHX.NS,Monthly,85.0,488,104.25,48873.200000000004,2000.8,126.62,1874.18,3.8347806159613036,279869.82,1:2,Success,N/A
767,384,BUY (ENTRY),2019-09-11,CANBK.NS,Monthly,40.95,599,39.77,23822.230000000003,0.0,0.0,0.0,0.0,226613.14,1:2,OPEN,N/A
768,382,SELL (EXIT),2019-09-19,AURIONPRO.NS,Monthly,43.53,685,45.89,29434.45,2000.2,83.42,1916.78,6.512029271822644,281786.60000000003,1:2,Success,N/A
769,385,BUY (ENTRY),2019-09-17,SIKKO.NS,Monthly,0.46,52460,0.47,24656.199999999997,0.0,0.0,0.0,0.0,233308.17000000004,1:2,OPEN,N/A
770,385,SELL (EXIT),2019-09-18,SIKKO.NS,Monthly,0.46,52460,0.51,24656.199999999997,2098.4,72.9,2025.5,8.214972299056628,283812.10000000003,1:2,Success,N/A
771,386,BUY (ENTRY),2019-09-18,SERVOTECH.NS,Weekly,1.2,10844,1.15,12470.599999999999,0.0,0.0,0.0,0.0,247519.27000000002,1:2,OPEN,N/A
772,384,SELL (EXIT),2019-09-19,CANBK.NS,Monthly,40.95,599,38.1,23822.230000000003,-1000.33,67.84,-1068.17,-4.483921110660085,282743.93000000005,1:2,Fail,N/A
773,386,SELL (EXIT),2019-09-19,SERVOTECH.NS,Weekly,1.2,10844,1.34,12470.599999999999,2060.36,45.78,2014.58,16.154635703173867,284758.51000000007,1:2,Success,N/A
774,387,BUY (ENTRY),2019-09-19,OFSS.NS,Monthly,2808.4,11,2942.94,32372.34,0.0,0.0,0.0,0.0,252386.17000000007,1:2,OPEN,N/A
775,388,BUY (ENTRY),2019-09-19,OFSS.NS,Monthly,2808.4,11,2942.94,32372.34,0.0,0.0,0.0,0.0,220013.83000000007,1:2,OPEN,N/A
776,387,SELL (EXIT),2019-09-20,OFSS.NS,Monthly,2808.4,11,3124.53,32372.34,1997.49,89.95,1907.54,5.892499584521848,286666.05000000005,1:2,Success,N/A
777,388,SELL (EXIT),2019-09-20,OFSS.NS,Monthly,2808.4,11,3124.53,32372.34,1997.49,89.95,1907.54,5.892499584521848,288573.59,1:2,Success,N/A
778,389,BUY (ENTRY),2019-09-20,NSIL.NS,Monthly,879.6,27,937.99,25325.73,0.0,0.0,0.0,0.0,263247.86000000004,1:2,OPEN,N/A
779,390,BUY (ENTRY),2019-09-20,NSIL.NS,Monthly,879.6,27,937.99,25325.73,0.0,0.0,0.0,0.0,237922.13000000003,1:2,OPEN,N/A
780,389,SELL (EXIT),2019-09-23,NSIL.NS,Monthly,879.6,27,901.9,25325.73,-974.43,71.21,-1045.64,-4.128765488694699,287527.95,1:2,Fail,N/A
781,390,SELL (EXIT),2019-09-23,NSIL.NS,Monthly,879.6,27,901.9,25325.73,-974.43,71.21,-1045.64,-4.128765488694699,286482.31,1:2,Fail,N/A
782,391,BUY (ENTRY),2019-09-23,LICHSGFIN.NS,Monthly,387.6,24,419.77,10074.48,0.0,0.0,0.0,0.0,276407.83,1:2,OPEN,N/A
783,392,BUY (ENTRY),2019-09-23,LICHSGFIN.NS,Monthly,387.6,24,419.77,10074.48,0.0,0.0,0.0,0.0,266333.35,1:2,OPEN,N/A
784,391,SELL (EXIT),2019-09-30,LICHSGFIN.NS,Monthly,387.6,24,379.32,10074.48,-970.8,37.31,-1008.11,-10.006571058754398,285474.2,1:2,Fail,N/A
785,392,SELL (EXIT),2019-09-30,LICHSGFIN.NS,Monthly,387.6,24,379.32,10074.48,-970.8,37.31,-1008.11,-10.006571058754398,284466.09,1:2,Fail,N/A
786,393,BUY (ENTRY),2019-09-30,CHENNPETRO.NS,Weekly,176.0,122,171.97,20980.34,0.0,0.0,0.0,0.0,263485.75,1:2,OPEN,N/A
787,394,BUY (ENTRY),2019-09-30,HGINFRA.NS,Weekly,216.0,39,207.21,8081.1900000000005,0.0,0.0,0.0,0.0,255404.56000000003,1:2,OPEN,N/A
788,393,SELL (EXIT),2019-10-27,CHENNPETRO.NS,Weekly,176.0,122,163.84,20980.34,-991.86,61.53,-1053.39,-5.020843322844149,283412.7,1:2,Fail,N/A
789,395,BUY (ENTRY),2019-10-09,JSWENERGY.NS,Weekly,62.8,342,60.66,20745.719999999998,0.0,0.0,0.0,0.0,254585.79,1:2,OPEN,N/A
790,395,SELL (EXIT),2019-10-17,JSWENERGY.NS,Weekly,62.8,342,66.5,20745.719999999998,1997.28,64.11,1933.17,9.318403988870958,285345.87,1:2,Success,N/A
791,396,BUY (ENTRY),2019-10-17,SBIN.NS,Monthly,258.8,55,262.26,14424.3,0.0,0.0,0.0,0.0,262840.38,1:2,OPEN,N/A
792,394,SELL (EXIT),2019-10-31,HGINFRA.NS,Weekly,216.0,39,182.17,8081.1900000000005,-976.56,32.88,-1009.44,-12.491229633259458,284336.43,1:2,Fail,N/A
793,397,BUY (ENTRY),2019-10-27,LTTS.NS,Monthly,1414.0,36,1469.87,52915.31999999999,0.0,0.0,0.0,0.0,216996.81,1:2,OPEN,N/A
794,396,SELL (EXIT),2019-11-11,SBIN.NS,Monthly,258.8,55,298.57,14424.3,1997.05,50.06,1946.99,13.49798603745069,286283.42,1:2,Success,N/A
795,398,BUY (ENTRY),2019-10-31,DISHTV.NS,Yearly,11.9,506,12.36,6254.16,0.0,0.0,0.0,0.0,227113.94,1:2,OPEN,N/A
796,398,SELL (EXIT),2019-11-01,DISHTV.NS,Yearly,11.9,506,16.31,6254.16,1998.7,31.9,1966.8,31.447868298860275,288250.22,1:2,Success,N/A
797,399,BUY (ENTRY),2019-11-01,INDUSTOWER.NS,Monthly,238.7,63,193.19,12170.97,0.0,0.0,0.0,0.0,223163.93,1:2,OPEN,N/A
798,399,SELL (EXIT),2019-11-07,INDUSTOWER.NS,Monthly,238.7,63,224.73,12170.97,1987.02,45.04,1941.98,15.95583589475613,290192.19999999995,1:2,Success,N/A
799,400,BUY (ENTRY),2019-11-08,TARAPUR.NS,Weekly,4.5,3243,4.3,13944.9,0.0,0.0,0.0,0.0,223331.97999999998,1:2,OPEN,N/A
800,397,SELL (EXIT),2019-11-14,LTTS.NS,Monthly,1414.0,36,1442.66,52915.31999999999,-979.56,132.52,-1112.08,-2.101621987734365,289080.11999999994,1:2,Fail,N/A
801,401,BUY (ENTRY),2019-11-11,SARLAPOLY.NS,Weekly,20.8,244,24.07,5873.08,0.0,0.0,0.0,0.0,269262.13999999996,1:2,OPEN,N/A
802,400,SELL (EXIT),2019-11-29,TARAPUR.NS,Weekly,4.5,3243,4.0,13944.9,-972.9,45.91,-1018.81,-7.30596849027243,288061.30999999994,1:2,Fail,N/A
803,402,BUY (ENTRY),2019-11-14,ASTRON.NS,Monthly,78.5,264,38.94,10280.16,0.0,0.0,0.0,0.0,271908.06999999995,1:2,OPEN,N/A
804,401,SELL (EXIT),2020-02-28,SARLAPOLY.NS,Weekly,20.8,244,19.98,5873.08,-997.96,27.95,-1025.91,-17.468006565549935,287035.39999999997,1:2,Fail,N/A
805,403,BUY (ENTRY),2019-11-29,GLFL.NS,Yearly,1.1,9871,0.7,6909.7,0.0,0.0,0.0,0.0,269845.54,1:2,OPEN,N/A
806,403,SELL (EXIT),2019-12-11,GLFL.NS,Yearly,1.1,9871,0.9,6909.7,1974.2,33.33,1940.87,28.08906320100728,288976.26999999996,1:2,Success,N/A
807,404,BUY (ENTRY),2019-12-11,ZOTA.NS,Weekly,183.0,130,187.99,24438.7,0.0,0.0,0.0,0.0,254257.40999999997,1:2,OPEN,N/A
808,404,SELL (EXIT),2020-01-13,ZOTA.NS,Weekly,183.0,130,180.32,24438.7,-997.1,69.21,-1066.31,-4.363202625344228,287909.95999999996,1:2,Fail,N/A
809,405,BUY (ENTRY),2020-01-13,IOC.NS,Weekly,81.23,769,83.92,64534.48,0.0,0.0,0.0,0.0,213095.31999999995,1:2,OPEN,N/A
810,405,SELL (EXIT),2020-01-17,IOC.NS,Weekly,81.23,769,82.62,64534.48,-999.7,158.32,-1158.02,-1.7944205950059564,286751.93999999994,1:2,Fail,N/A
811,406,BUY (ENTRY),2020-01-17,TTML.NS,Monthly,2.35,3926,2.45,9618.7,0.0,0.0,0.0,0.0,266853.07999999996,1:2,OPEN,N/A
812,406,SELL (EXIT),2020-02-05,TTML.NS,Monthly,2.35,3926,2.96,9618.7,2002.26,39.38,1962.88,20.406915695468204,288714.81999999995,1:2,Success,N/A
813,407,BUY (ENTRY),2020-02-05,BANKBARODA.NS,Monthly,85.65,506,87.99,44522.939999999995,0.0,0.0,0.0,0.0,233911.71999999997,1:2,OPEN,N/A
814,407,SELL (EXIT),2020-02-06,BANKBARODA.NS,Monthly,85.65,506,91.94,44522.939999999995,1998.7,116.95,1881.75,4.226472914861418,290596.56999999995,1:2,Success,N/A
815,408,BUY (ENTRY),2020-02-06,SHRIRAMFIN.NS,Weekly,206.95,58,222.37,12897.460000000001,0.0,0.0,0.0,0.0,267418.94999999995,1:2,OPEN,N/A
816,408,SELL (EXIT),2020-02-20,SHRIRAMFIN.NS,Weekly,206.95,58,256.36,12897.460000000001,1971.42,46.64,1924.78,14.923713661449616,292521.35,1:2,Success,N/A
817,409,BUY (ENTRY),2020-02-20,J&KBANK.NS,Yearly,21.01,365,19.87,7252.55,0.0,0.0,0.0,0.0,274988.63999999996,1:2,OPEN,N/A
818,402,SELL (EXIT),2020-03-06,ASTRON.NS,Monthly,78.5,264,35.16,10280.16,-997.92,37.74,-1035.66,-10.074356819349116,291485.69,1:2,Fail,N/A
819,410,BUY (ENTRY),2020-02-28,SHEKHAWATI.NS,Weekly,2.5,995,3.0,2985.0,0.0,0.0,0.0,0.0,281248.14,1:2,OPEN,N/A
820,409,SELL (EXIT),2020-03-23,J&KBANK.NS,Yearly,21.01,365,17.13,7252.55,-1000.1,31.01,-1031.11,-14.217206361900296,290454.58,1:2,Fail,N/A
821,411,BUY (ENTRY),2020-03-06,ENIL.NS,Yearly,191.15,88,195.19,17176.72,0.0,0.0,0.0,0.0,270292.86,1:2,OPEN,N/A
822,411,SELL (EXIT),2020-03-11,ENIL.NS,Yearly,191.15,88,183.87,17176.72,-996.16,53.07,-1049.23,-6.108442123991075,289405.35000000003,1:2,Fail,N/A
823,412,BUY (ENTRY),2020-03-11,YESBANK.NS,Yearly,8.12,150,22.82,3423.0,0.0,0.0,0.0,0.0,282997.35000000003,1:2,OPEN,N/A
824,412,SELL (EXIT),2020-03-16,YESBANK.NS,Yearly,8.12,150,36.1,3423.0,1992.0,25.6,1966.4,57.44668419515045,291371.75000000006,1:2,Success,N/A
825,413,BUY (ENTRY),2020-03-16,HAL.NS,Monthly,310.42,27,271.77,7337.789999999999,0.0,0.0,0.0,0.0,281048.9600000001,1:2,OPEN,N/A
826,410,SELL (EXIT),2020-03-23,SHEKHAWATI.NS,Weekly,2.5,995,2.0,2985.0,-995.0,21.53,-1016.53,-34.05460636515913,290355.22000000003,1:2,Fail,N/A
827,413,SELL (EXIT),2020-03-23,HAL.NS,Monthly,310.42,27,235.76,7337.789999999999,-972.27,31.23,-1003.5,-13.675779764752058,289351.72000000003,1:2,Fail,N/A
828,414,BUY (ENTRY),2020-03-23,KSHITIJPOL.NS,Weekly,3.94,877,4.43,3885.1099999999997,0.0,0.0,0.0,0.0,285466.61000000004,1:2,OPEN,N/A
829,415,BUY (ENTRY),2020-03-23,KSHITIJPOL.NS,Weekly,3.94,877,4.43,3885.1099999999997,0.0,0.0,0.0,0.0,281581.50000000006,1:2,OPEN,N/A
830,414,SELL (EXIT),2021-08-11,KSHITIJPOL.NS,Weekly,3.94,877,6.71,3885.1099999999997,1999.56,26.64,1972.92,50.781573752094545,291324.64,1:2,Success,N/A
831,415,SELL (EXIT),2021-08-11,KSHITIJPOL.NS,Weekly,3.94,877,6.71,3885.1099999999997,1999.56,26.64,1972.92,50.781573752094545,293297.56,1:2,Success,N/A
832,416,BUY (ENTRY),2021-08-11,IFBIND.NS,Monthly,903.15,23,943.34,21696.82,0.0,0.0,0.0,0.0,271600.74,1:2,OPEN,N/A
833,417,BUY (ENTRY),2021-08-11,IFBIND.NS,Monthly,903.15,23,943.34,21696.82,0.0,0.0,0.0,0.0,249903.91999999998,1:2,OPEN,N/A
834,416,SELL (EXIT),2021-08-23,IFBIND.NS,Monthly,903.15,23,900.1,21696.82,-994.52,63.12,-1057.64,-4.874631397596515,292239.92,1:2,Fail,N/A
835,417,SELL (EXIT),2021-08-23,IFBIND.NS,Monthly,903.15,23,900.1,21696.82,-994.52,63.12,-1057.64,-4.874631397596515,291182.27999999997,1:2,Fail,N/A
836,418,BUY (ENTRY),2021-08-23,BAJAJELEC.NS,Weekly,961.7,33,993.94,32800.020000000004,0.0,0.0,0.0,0.0,258382.25999999995,1:2,OPEN,N/A
837,418,SELL (EXIT),2021-08-24,BAJAJELEC.NS,Weekly,961.7,33,1054.31,32800.020000000004,1992.21,90.89,1901.32,5.796703782497692,293083.6,1:2,Success,N/A
838,419,BUY (ENTRY),2021-08-24,ONGC.NS,Weekly,111.6,268,112.11,30045.48,0.0,0.0,0.0,0.0,263038.12,1:2,OPEN,N/A
839,420,BUY (ENTRY),2021-08-24,POWERINDIA.NS,Weekly,1755.55,11,1837.79,20215.69,0.0,0.0,0.0,0.0,242822.43,1:2,OPEN,N/A
840,420,SELL (EXIT),2021-08-26,POWERINDIA.NS,Weekly,1755.55,11,2005.77,20215.69,1847.78,62.77,1785.01,8.829824754930453,294868.61,1:2,Success,N/A
841,421,BUY (ENTRY),2021-08-26,GLOBE.NS,Monthly,2.76,1328,8.2,10889.599999999999,0.0,0.0,0.0,0.0,253933.52999999997,1:2,OPEN,N/A
842,419,SELL (EXIT),2021-08-31,ONGC.NS,Weekly,111.6,268,119.55,30045.48,1993.92,84.77,1909.15,6.354200365579116,296777.76,1:2,Success,N/A
843,422,BUY (ENTRY),2021-08-30,BANDHANBNK.NS,Monthly,278.7,69,279.08,19256.52,0.0,0.0,0.0,0.0,266631.64,1:2,OPEN,N/A
844,421,SELL (EXIT),2021-10-06,GLOBE.NS,Monthly,2.76,1328,9.71,10889.599999999999,2005.28,42.21,1963.07,18.027016602997357,298740.83,1:2,Success,N/A
845,423,BUY (ENTRY),2021-08-31,AKASH.NS,Monthly,157.9,36,172.92,6225.12,0.0,0.0,0.0,0.0,273259.19,1:2,OPEN,N/A
846,423,SELL (EXIT),2021-09-16,AKASH.NS,Monthly,157.9,36,227.06,6225.12,1949.04,31.78,1917.26,30.79876371861105,300658.09,1:2,Success,N/A
847,424,BUY (ENTRY),2021-09-16,UNOMINDA.NS,Weekly,343.52,64,357.81,22899.84,0.0,0.0,0.0,0.0,258501.73000000004,1:2,OPEN,N/A
848,422,SELL (EXIT),2021-10-07,BANDHANBNK.NS,Monthly,278.7,69,307.77,19256.52,1979.61,60.78,1918.83,9.964573038119036,302576.92000000004,1:2,Success,N/A
849,425,BUY (ENTRY),2021-10-06,RAJRILTD.NS,Weekly,25.0,99,30.03,2972.9700000000003,0.0,0.0,0.0,0.0,276704.11000000004,1:2,OPEN,N/A
850,424,SELL (EXIT),2022-03-16,UNOMINDA.NS,Weekly,343.52,64,388.61,22899.84,1971.2,68.87,1902.33,8.307175945334116,304479.25000000006,1:2,Success,N/A
851,426,BUY (ENTRY),2021-10-07,LEXUS.NS,Weekly,10.4,1217,11.11,13520.869999999999,0.0,0.0,0.0,0.0,287985.41000000003,1:2,OPEN,N/A
852,426,SELL (EXIT),2021-10-11,LEXUS.NS,Weekly,10.4,1217,12.75,13520.869999999999,1995.88,48.05,1947.83,14.406099607495673,306427.0800000001,1:2,Success,N/A
853,427,BUY (ENTRY),2021-10-11,HPIL.NS,Weekly,52.0,322,54.05,17404.1,0.0,0.0,0.0,0.0,286050.01000000007,1:2,OPEN,N/A
854,427,SELL (EXIT),2021-10-12,HPIL.NS,Weekly,52.0,322,60.26,17404.1,1999.62,56.68,1942.94,11.16369131411564,308370.0200000001,1:2,Success,N/A
855,428,BUY (ENTRY),2021-10-12,AAKASH.NS,Weekly,23.0,524,19.73,10338.52,0.0,0.0,0.0,0.0,295058.5300000001,1:2,OPEN,N/A
856,428,SELL (EXIT),2021-10-21,AAKASH.NS,Weekly,23.0,524,17.82,10338.52,-1000.84,37.87,-1038.71,-10.04698931761993,307331.31000000006,1:2,Fail,N/A
857,429,BUY (ENTRY),2021-10-21,AHLUCONT.NS,Weekly,351.8,77,358.01,27566.77,0.0,0.0,0.0,0.0,276791.57000000007,1:2,OPEN,N/A
858,429,SELL (EXIT),2021-10-27,AHLUCONT.NS,Weekly,351.8,77,383.71,27566.77,1978.9,79.25,1899.65,6.891086623496332,309230.9600000001,1:2,Success,N/A
859,430,BUY (ENTRY),2021-10-27,TATACONSUM.NS,Weekly,796.0,36,812.71,29257.56,0.0,0.0,0.0,0.0,277000.43000000005,1:2,OPEN,N/A
860,430,SELL (EXIT),2021-11-26,TATACONSUM.NS,Weekly,796.0,36,785.31,29257.56,-986.4,79.93,-1066.33,-3.644630652727021,308164.63000000006,1:2,Fail,N/A
861,431,BUY (ENTRY),2021-11-26,TAKE.NS,Monthly,44.35,490,44.99,22045.100000000002,0.0,0.0,0.0,0.0,283146.56000000006,1:2,OPEN,N/A
862,431,SELL (EXIT),2021-12-09,TAKE.NS,Monthly,44.35,490,49.07,22045.100000000002,1999.2,67.0,1932.2,8.764759515720046,310096.8300000001,1:2,Success,N/A
863,432,BUY (ENTRY),2021-12-09,EPL.NS,Monthly,202.0,178,202.2,35991.6,0.0,0.0,0.0,0.0,271132.26000000007,1:2,OPEN,N/A
864,432,SELL (EXIT),2021-12-20,EPL.NS,Monthly,202.0,178,196.6,35991.6,-996.8,94.89,-1091.69,-3.0331799642138724,309005.1400000001,1:2,Fail,N/A
865,433,BUY (ENTRY),2021-12-21,ADANIENSOL.NS,Weekly,1709.55,21,1733.38,36400.98,0.0,0.0,0.0,0.0,269631.19000000006,1:2,OPEN,N/A
866,433,SELL (EXIT),2021-12-22,ADANIENSOL.NS,Weekly,1709.55,21,1826.82,36400.98,1962.24,98.86,1863.38,5.119038003921872,310868.5200000001,1:2,Success,N/A
867,434,BUY (ENTRY),2021-12-22,MOTHERSON.NS,Monthly,54.37,599,56.53,33861.47,0.0,0.0,0.0,0.0,274034.0800000001,1:2,OPEN,N/A
868,434,SELL (EXIT),2021-12-23,MOTHERSON.NS,Monthly,54.37,599,59.87,33861.47,2000.66,93.26,1907.4,5.632950961668232,312775.9200000001,1:2,Success,N/A
869,435,BUY (ENTRY),2021-12-23,CHOLAFIN.NS,Monthly,470.0,33,519.12,17130.96,0.0,0.0,0.0,0.0,292671.9900000001,1:2,OPEN,N/A
870,435,SELL (EXIT),2022-01-10,CHOLAFIN.NS,Monthly,470.0,33,578.04,17130.96,1944.36,56.02,1888.34,11.022966605490877,314664.2600000001,1:2,Success,N/A
871,436,BUY (ENTRY),2022-01-10,RMDRIP.NS,Monthly,0.85,15875,0.9,14287.5,0.0,0.0,0.0,0.0,297403.79000000015,1:2,OPEN,N/A
872,436,SELL (EXIT),2022-01-18,RMDRIP.NS,Monthly,0.85,15875,1.03,14287.5,2063.75,49.82,2013.93,14.095748031496063,316678.1900000001,1:2,Success,N/A
873,437,BUY (ENTRY),2022-01-20,SOLARINDS.NS,Weekly,2271.35,15,2241.79,33626.85,0.0,0.0,0.0,0.0,280078.3700000001,1:2,OPEN,N/A
874,437,SELL (EXIT),2022-01-25,SOLARINDS.NS,Weekly,2271.35,15,2367.73,33626.85,1889.1,92.62,1796.48,5.342397518649531,318474.6700000001,1:2,Success,N/A
875,438,BUY (ENTRY),2022-01-27,SHRIRAMFIN.NS,Weekly,231.44,49,240.8,11799.2,0.0,0.0,0.0,0.0,303702.5000000001,1:2,OPEN,N/A
876,438,SELL (EXIT),2022-02-24,SHRIRAMFIN.NS,Weekly,231.44,49,220.42,11799.2,-998.62,41.12,-1039.74,-8.81195335276968,317434.9300000001,1:2,Fail,N/A
877,439,BUY (ENTRY),2022-02-25,DRREDDY.NS,Monthly,827.0,46,830.63,38208.98,0.0,0.0,0.0,0.0,276252.9800000001,1:2,OPEN,N/A
878,439,SELL (EXIT),2022-03-02,DRREDDY.NS,Monthly,827.0,46,809.18,38208.98,-986.7,99.83,-1086.53,-2.8436508904451254,316348.4000000001,1:2,Fail,N/A
879,440,BUY (ENTRY),2022-03-02,HDFCAMC.NS,Monthly,1035.03,22,1059.26,23303.72,0.0,0.0,0.0,0.0,290071.7100000001,1:2,OPEN,N/A
880,440,SELL (EXIT),2022-03-07,HDFCAMC.NS,Monthly,1035.03,22,1013.98,23303.72,-996.16,66.69,-1062.85,-4.560859811223271,315285.5500000001,1:2,Fail,N/A
881,441,BUY (ENTRY),2022-03-07,SUPREMEINF.NS,Weekly,17.6,1879,16.27,30571.329999999998,0.0,0.0,0.0,0.0,281741.2500000001,1:2,OPEN,N/A
882,441,SELL (EXIT),2022-03-08,SUPREMEINF.NS,Weekly,17.6,1879,17.33,30571.329999999998,1991.74,85.94,1905.8,6.233945333748974,317191.3500000001,1:2,Success,N/A
883,442,BUY (ENTRY),2022-03-08,PNB.NS,Monthly,35.3,705,34.73,24484.649999999998,0.0,0.0,0.0,0.0,289733.7300000001,1:2,OPEN,N/A
884,425,SELL (EXIT),2022-04-06,RAJRILTD.NS,Weekly,25.0,99,19.98,2972.9700000000003,-994.95,21.51,-1016.46,-34.19005237187055,316174.8900000001,1:2,Fail,N/A
885,443,BUY (ENTRY),2022-03-16,NESTLEIND.NS,Weekly,866.12,57,878.88,50096.159999999996,0.0,0.0,0.0,0.0,241594.08000000007,1:2,OPEN,N/A
886,443,SELL (EXIT),2022-03-17,NESTLEIND.NS,Weekly,866.12,57,913.85,50096.159999999996,1993.29,129.33,1863.96,3.7207642262400955,318038.8500000001,1:2,Success,N/A
887,444,BUY (ENTRY),2022-03-17,MAZDA.NS,Monthly,106.49,493,99.1,48856.299999999996,0.0,0.0,0.0,0.0,244697.90000000008,1:2,OPEN,N/A
888,444,SELL (EXIT),2022-03-21,MAZDA.NS,Monthly,106.49,493,97.07,48856.299999999996,-1000.79,123.47,-1124.26,-2.3011566573809317,316914.5900000001,1:2,Fail,N/A
889,445,BUY (ENTRY),2022-03-21,DRCSYSTEMS.NS,Weekly,12.17,1197,12.82,15345.54,0.0,0.0,0.0,0.0,277084.4000000001,1:2,OPEN,N/A
890,442,SELL (EXIT),2022-04-13,PNB.NS,Monthly,35.3,705,37.57,24484.649999999998,2002.2,72.42,1929.78,7.88159111933395,318844.3700000001,1:2,Success,N/A
891,446,BUY (ENTRY),2022-04-06,PGHH.NS,Weekly,13718.05,3,14454.44,43363.32,0.0,0.0,0.0,0.0,260135.51000000013,1:2,OPEN,N/A
892,445,SELL (EXIT),2022-04-21,DRCSYSTEMS.NS,Weekly,12.17,1197,11.99,15345.54,-993.51,49.01,-1042.52,-6.79363515392746,317801.8500000001,1:2,Fail,N/A
893,447,BUY (ENTRY),2022-04-13,NGIL.NS,Weekly,191.8,51,212.23,10823.73,0.0,0.0,0.0,0.0,263614.8000000001,1:2,OPEN,N/A
894,446,SELL (EXIT),2022-04-27,PGHH.NS,Weekly,13718.05,3,14201.58,43363.32,-758.58,111.52,-870.1,-2.0065345550110094,316931.7500000001,1:2,Fail,N/A
895,448,BUY (ENTRY),2022-04-21,HCLTECH.NS,Monthly,1070.2,30,1095.89,32876.700000000004,0.0,0.0,0.0,0.0,273231.3200000001,1:2,OPEN,N/A
896,447,SELL (EXIT),2022-05-02,NGIL.NS,Weekly,191.8,51,192.64,10823.73,-999.09,38.95,-1038.04,-9.590409221220412,315893.71000000014,1:2,Fail,N/A
897,449,BUY (ENTRY),2022-04-27,KEC.NS,Weekly,376.0,80,393.59,31487.199999999997,0.0,0.0,0.0,0.0,251529.81000000014,1:2,OPEN,N/A
898,448,SELL (EXIT),2022-05-04,HCLTECH.NS,Monthly,1070.2,30,1063.64,32876.700000000004,-967.5,87.99,-1055.49,-3.210449953918732,314838.22000000015,1:2,Fail,N/A
899,450,BUY (ENTRY),2022-05-02,MITCON.NS,Weekly,73.54,173,75.93,13135.890000000001,0.0,0.0,0.0,0.0,270215.1300000001,1:2,OPEN,N/A
900,449,SELL (EXIT),2022-05-11,KEC.NS,Weekly,376.0,80,381.17,31487.199999999997,-993.6,84.88,-1078.48,-3.4251378337864278,313759.74000000017,1:2,Fail,N/A
901,451,BUY (ENTRY),2022-05-04,SHRADHA.NS,Monthly,9.26,2711,9.6,26025.6,0.0,0.0,0.0,0.0,274598.2500000002,1:2,OPEN,N/A
902,451,SELL (EXIT),2022-05-05,SHRADHA.NS,Monthly,9.26,2711,10.34,26025.6,2006.14,75.85,1930.29,7.416889524160826,315690.03000000014,1:2,Success,N/A
903,452,BUY (ENTRY),2022-05-05,ONGC.NS,Weekly,161.15,193,162.96,31451.280000000002,0.0,0.0,0.0,0.0,271102.86000000016,1:2,OPEN,N/A
904,452,SELL (EXIT),2022-05-10,ONGC.NS,Weekly,161.15,193,157.79,31451.280000000002,-997.81,84.8,-1082.61,-3.4421810495471084,314607.42000000016,1:2,Fail,N/A
905,453,BUY (ENTRY),2022-05-10,INOXWIND.NS,Monthly,24.6,1254,24.02,30121.079999999998,0.0,0.0,0.0,0.0,271350.4500000002,1:2,OPEN,N/A
906,450,SELL (EXIT),2022-05-11,MITCON.NS,Weekly,73.54,173,70.15,13135.890000000001,-999.94,44.09,-1044.03,-7.947919783128511,313563.39000000013,1:2,Fail,N/A
907,453,SELL (EXIT),2022-05-11,INOXWIND.NS,Monthly,24.6,1254,23.23,30121.079999999998,-990.66,81.85,-1072.51,-3.5606624994854106,312490.8800000001,1:2,Fail,N/A
908,454,BUY (ENTRY),2022-05-11,SIEMENS.NS,Weekly,1277.46,14,1356.3,18988.2,0.0,0.0,0.0,0.0,293502.6800000001,1:2,OPEN,N/A
909,455,BUY (ENTRY),2022-05-11,SIEMENS.NS,Weekly,1278.48,14,1356.3,18988.2,0.0,0.0,0.0,0.0,274514.4800000001,1:2,OPEN,N/A
910,454,SELL (EXIT),2022-05-13,SIEMENS.NS,Weekly,1277.46,14,1288.91,18988.2,-943.46,57.15,-1000.61,-5.269641145553554,311490.27000000014,1:2,Fail,N/A
911,455,SELL (EXIT),2022-05-13,SIEMENS.NS,Weekly,1278.48,14,1288.91,18988.2,-943.46,57.15,-1000.61,-5.269641145553554,310489.66000000015,1:2,Fail,N/A
912,456,BUY (ENTRY),2022-05-13,IBULLSLTD.NS,Yearly,23.12,381,25.05,9544.050000000001,0.0,0.0,0.0,0.0,300945.61000000016,1:2,OPEN,N/A
913,457,BUY (ENTRY),2022-05-13,IBULLSLTD.NS,Yearly,23.12,381,25.05,9544.050000000001,0.0,0.0,0.0,0.0,291401.5600000002,1:2,OPEN,N/A
914,456,SELL (EXIT),2022-05-17,IBULLSLTD.NS,Yearly,23.12,381,30.29,9544.050000000001,1996.44,39.21,1957.23,20.507331793106697,312446.89000000013,1:2,Success,N/A
915,457,SELL (EXIT),2022-05-17,IBULLSLTD.NS,Yearly,23.12,381,30.29,9544.050000000001,1996.44,39.21,1957.23,20.507331793106697,314404.1200000001,1:2,Success,N/A
916,458,BUY (ENTRY),2022-05-17,STAR.NS,Yearly,268.0,53,297.75,15780.75,0.0,0.0,0.0,0.0,298623.3700000001,1:2,OPEN,N/A
917,459,BUY (ENTRY),2022-05-17,STAR.NS,Yearly,268.0,53,297.75,15780.75,0.0,0.0,0.0,0.0,282842.6200000001,1:2,OPEN,N/A
918,458,SELL (EXIT),2022-05-31,STAR.NS,Yearly,268.0,53,335.3,15780.75,1990.15,53.06,1937.09,12.275018614451149,316341.21000000014,1:2,Success,N/A
919,459,SELL (EXIT),2022-05-31,STAR.NS,Yearly,268.0,53,335.3,15780.75,1990.15,53.06,1937.09,12.275018614451149,318278.30000000016,1:2,Success,N/A
920,460,BUY (ENTRY),2022-05-31,TEAMLEASE.NS,Monthly,3621.85,5,3283.23,16416.15,0.0,0.0,0.0,0.0,301862.15000000014,1:2,OPEN,N/A
921,461,BUY (ENTRY),2022-05-31,TEAMLEASE.NS,Monthly,3621.85,5,3283.23,16416.15,0.0,0.0,0.0,0.0,285446.0000000002,1:2,OPEN,N/A
922,460,SELL (EXIT),2022-06-13,TEAMLEASE.NS,Monthly,3621.85,5,3097.6,16416.15,-928.15,51.45,-979.6,-5.967294402158849,317298.7000000002,1:2,Fail,N/A
923,461,SELL (EXIT),2022-06-13,TEAMLEASE.NS,Monthly,3621.85,5,3097.6,16416.15,-928.15,51.45,-979.6,-5.967294402158849,316319.1000000002,1:2,Fail,N/A
924,462,BUY (ENTRY),2022-06-13,MARICO.NS,Weekly,487.05,63,498.4,31399.199999999997,0.0,0.0,0.0,0.0,284919.9000000002,1:2,OPEN,N/A
925,463,BUY (ENTRY),2022-06-13,ACCURACY.NS,Weekly,20.39,203,23.57,4784.71,0.0,0.0,0.0,0.0,280135.19000000024,1:2,OPEN,N/A
926,462,SELL (EXIT),2022-11-04,MARICO.NS,Weekly,487.05,63,482.62,31399.199999999997,-994.14,84.68,-1078.82,-3.4358200208922525,315240.2800000002,1:2,Fail,N/A
927,464,BUY (ENTRY),2022-06-16,JAGRAN.NS,Monthly,52.3,333,50.05,16666.649999999998,0.0,0.0,0.0,0.0,293788.9200000002,1:2,OPEN,N/A
928,464,SELL (EXIT),2022-08-05,JAGRAN.NS,Monthly,52.3,333,56.04,16666.649999999998,1994.67,55.04,1939.63,11.63779163779164,317179.9100000002,1:2,Success,N/A
929,465,BUY (ENTRY),2022-08-05,INSPIRISYS.NS,Weekly,56.3,316,56.31,17793.96,0.0,0.0,0.0,0.0,294601.2400000002,1:2,OPEN,N/A
930,465,SELL (EXIT),2022-08-17,INSPIRISYS.NS,Weekly,56.3,316,53.15,17793.96,-998.56,54.44,-1053.0,-5.917738378640842,316126.9100000002,1:2,Fail,N/A
931,466,BUY (ENTRY),2022-08-17,EKC.NS,Monthly,148.35,141,127.33,17953.53,0.0,0.0,0.0,0.0,293388.6700000002,1:2,OPEN,N/A
932,466,SELL (EXIT),2022-08-22,EKC.NS,Monthly,148.35,141,120.28,17953.53,-994.05,54.8,-1048.85,-5.842026609808768,315078.06000000023,1:2,Fail,N/A
933,467,BUY (ENTRY),2022-08-22,INDOCO.NS,Weekly,346.55,92,356.31,32780.52,0.0,0.0,0.0,0.0,277512.83000000025,1:2,OPEN,N/A
934,467,SELL (EXIT),2022-09-06,INDOCO.NS,Weekly,346.55,92,378.01,32780.52,1996.4,90.85,1905.55,5.813056046700907,316983.6100000002,1:2,Success,N/A
935,468,BUY (ENTRY),2022-09-07,BALKRISHNA.NS,Weekly,24.51,733,25.64,18794.12,0.0,0.0,0.0,0.0,293404.7800000002,1:2,OPEN,N/A
936,468,SELL (EXIT),2022-09-22,BALKRISHNA.NS,Weekly,24.51,733,24.28,18794.12,-996.88,56.67,-1053.55,-5.60574264716837,315930.06000000023,1:2,Fail,N/A
937,469,BUY (ENTRY),2022-09-22,TATAELXSI.NS,Weekly,8675.0,4,8947.94,35791.76,0.0,0.0,0.0,0.0,275353.5900000002,1:2,OPEN,N/A
938,469,SELL (EXIT),2022-09-26,TATAELXSI.NS,Weekly,8675.0,4,8704.29,35791.76,-974.6,94.47,-1069.07,-2.9869165416844545,314860.9900000002,1:2,Fail,N/A
939,470,BUY (ENTRY),2022-09-27,HAVELLS.NS,Weekly,1275.05,25,1308.41,32710.250000000004,0.0,0.0,0.0,0.0,277366.0300000002,1:2,OPEN,N/A
940,470,SELL (EXIT),2022-10-12,HAVELLS.NS,Weekly,1275.05,25,1268.98,32710.250000000004,-985.75,87.61,-1073.36,-3.2814179041737677,313787.63000000024,1:2,Fail,N/A
941,471,BUY (ENTRY),2022-10-13,MARICO.NS,Weekly,505.0,91,512.96,46679.36,0.0,0.0,0.0,0.0,262323.56000000023,1:2,OPEN,N/A
942,471,SELL (EXIT),2022-11-03,MARICO.NS,Weekly,505.0,91,534.79,46679.36,1986.53,121.73,1864.8,3.9949133835596715,315652.4300000002,1:2,Success,N/A
943,472,BUY (ENTRY),2022-11-03,GVPTECH.NS,Yearly,10.6,1487,16.37,24342.190000000002,0.0,0.0,0.0,0.0,286525.5300000002,1:2,OPEN,N/A
944,463,SELL (EXIT),2022-11-10,ACCURACY.NS,Weekly,20.39,203,18.67,4784.71,-994.7,25.53,-1020.23,-21.322713393288204,314632.20000000024,1:2,Fail,N/A
945,473,BUY (ENTRY),2022-11-04,A2ZINFRA.NS,Monthly,9.55,3698,10.31,38126.380000000005,0.0,0.0,0.0,0.0,252163.63000000024,1:2,OPEN,N/A
946,473,SELL (EXIT),2022-11-07,A2ZINFRA.NS,Monthly,9.55,3698,10.85,38126.380000000005,1996.92,102.73,1894.19,4.968187381020699,316526.39000000025,1:2,Success,N/A
947,474,BUY (ENTRY),2022-11-07,LICHSGFIN.NS,Weekly,384.1,70,376.18,26332.600000000002,0.0,0.0,0.0,0.0,265851.6000000002,1:2,OPEN,N/A
948,472,SELL (EXIT),2022-12-06,GVPTECH.NS,Yearly,10.6,1487,17.71,24342.190000000002,1992.58,72.09,1920.49,7.889553076366587,318446.88000000024,1:2,Success,N/A
949,475,BUY (ENTRY),2022-11-10,DAMODARIND.NS,Weekly,46.7,220,47.85,10527.0,0.0,0.0,0.0,0.0,281587.28000000026,1:2,OPEN,N/A
950,475,SELL (EXIT),2022-11-22,DAMODARIND.NS,Weekly,46.7,220,43.31,10527.0,-998.8,38.29,-1037.09,-9.851714638548493,317409.7900000002,1:2,Fail,N/A
951,476,BUY (ENTRY),2022-11-22,GANGAFORGE.NS,Monthly,5.3,1966,4.55,8945.3,0.0,0.0,0.0,0.0,282131.8900000002,1:2,OPEN,N/A
952,474,SELL (EXIT),2022-12-26,LICHSGFIN.NS,Weekly,384.1,70,404.45,26332.600000000002,1978.9,76.5,1902.4,7.224504986214805,319312.19000000024,1:2,Success,N/A
953,477,BUY (ENTRY),2022-12-06,PATELENG.NS,Monthly,17.61,2506,17.67,44281.020000000004,0.0,0.0,0.0,0.0,266085.8700000002,1:2,OPEN,N/A
954,477,SELL (EXIT),2022-12-07,PATELENG.NS,Monthly,17.61,2506,18.47,44281.020000000004,2004.8,116.42,1888.38,4.26453591177439,321200.57000000024,1:2,Success,N/A
955,478,BUY (ENTRY),2022-12-07,KNAGRI.NS,Weekly,148.2,128,149.65,19155.2,0.0,0.0,0.0,0.0,293100.07000000024,1:2,OPEN,N/A
956,478,SELL (EXIT),2022-12-21,KNAGRI.NS,Weekly,148.2,128,141.86,19155.2,-997.12,57.47,-1054.59,-5.5055024223187425,320145.9800000002,1:2,Fail,N/A
957,479,BUY (ENTRY),2022-12-21,BALPHARMA.NS,Monthly,85.25,580,87.24,50599.2,0.0,0.0,0.0,0.0,260601.4800000002,1:2,OPEN,N/A
958,479,SELL (EXIT),2022-12-22,BALPHARMA.NS,Monthly,85.25,580,90.68,50599.2,1995.2,130.45,1864.75,3.6853349460070515,322010.7300000002,1:2,Success,N/A
959,480,BUY (ENTRY),2022-12-22,AJANTPHARM.NS,Weekly,1183.55,17,1208.21,20539.57,0.0,0.0,0.0,0.0,292525.8600000002,1:2,OPEN,N/A
960,476,SELL (EXIT),2023-03-24,GANGAFORGE.NS,Monthly,5.3,1966,4.05,8945.3,-983.0,34.79,-1017.79,-11.377930309771612,320992.94000000024,1:2,Fail,N/A
961,481,BUY (ENTRY),2022-12-26,INDHOTEL.NS,Weekly,304.3,123,302.65,37225.95,0.0,0.0,0.0,0.0,263227.4200000002,1:2,OPEN,N/A
962,481,SELL (EXIT),2022-12-30,INDHOTEL.NS,Weekly,304.3,123,318.85,37225.95,1992.6,100.73,1891.87,5.082126849684158,322884.81000000023,1:2,Success,N/A
963,482,BUY (ENTRY),2022-12-30,BHAGCHEM.NS,Weekly,130.0,146,126.03,18400.38,0.0,0.0,0.0,0.0,283944.8600000002,1:2,OPEN,N/A
964,482,SELL (EXIT),2023-02-07,BHAGCHEM.NS,Weekly,130.0,146,119.18,18400.38,-1000.1,55.79,-1055.89,-5.7384140979697165,321828.9200000002,1:2,Fail,N/A
965,483,BUY (ENTRY),2023-02-07,ADANIENT.NS,Monthly,1528.8,1,1681.58,1681.58,0.0,0.0,0.0,0.0,299607.7700000002,1:2,OPEN,N/A
966,480,SELL (EXIT),2023-12-06,AJANTPHARM.NS,Weekly,1183.55,17,1149.9,20539.57,-991.27,60.55,-1051.82,-5.120944596211118,320777.1000000002,1:2,Fail,N/A
967,484,BUY (ENTRY),2023-03-24,SILLYMONKS.NS,Monthly,16.4,2986,17.57,52464.020000000004,0.0,0.0,0.0,0.0,266631.50000000023,1:2,OPEN,N/A
968,484,SELL (EXIT),2023-03-27,SILLYMONKS.NS,Monthly,16.4,2986,18.24,52464.020000000004,2000.62,134.6,1866.02,3.5567613766539425,322643.1200000002,1:2,Success,N/A
969,485,BUY (ENTRY),2023-03-27,INDOCO.NS,Weekly,318.45,49,336.34,16480.66,0.0,0.0,0.0,0.0,304480.88000000024,1:2,OPEN,N/A
970,485,SELL (EXIT),2023-04-19,INDOCO.NS,Weekly,318.45,49,316.18,16480.66,-987.84,51.53,-1039.37,-6.306604225801636,321603.75000000023,1:2,Fail,N/A
971,486,BUY (ENTRY),2023-04-19,SUNDROP.NS,Weekly,830.0,38,828.83,31495.54,0.0,0.0,0.0,0.0,288426.63000000024,1:2,OPEN,N/A
972,486,SELL (EXIT),2023-04-28,SUNDROP.NS,Weekly,830.0,38,802.55,31495.54,-998.64,84.89,-1083.53,-3.4402648755982588,320520.2200000002,1:2,Fail,N/A
973,487,BUY (ENTRY),2023-04-28,KALYANKJIL.NS,Weekly,103.05,712,102.25,72802.0,0.0,0.0,0.0,0.0,246036.6400000002,1:2,OPEN,N/A
974,487,SELL (EXIT),2023-05-02,KALYANKJIL.NS,Weekly,103.05,712,105.06,72802.0,2000.72,179.8,1820.92,2.501195022114777,322341.1400000002,1:2,Success,N/A
975,488,BUY (ENTRY),2023-05-02,TECHM.NS,Monthly,985.0,20,1027.73,20554.6,0.0,0.0,0.0,0.0,300104.9600000002,1:2,OPEN,N/A
976,488,SELL (EXIT),2023-05-29,TECHM.NS,Monthly,985.0,20,1123.04,20554.6,1906.2,63.59,1842.61,8.964465375147169,324183.7500000002,1:2,Success,N/A
977,489,BUY (ENTRY),2023-05-29,SAIL.NS,Weekly,80.75,414,82.78,34270.92,0.0,0.0,0.0,0.0,288231.2500000002,1:2,OPEN,N/A
978,489,SELL (EXIT),2023-07-03,SAIL.NS,Weekly,80.75,414,87.61,34270.92,1999.62,94.17,1905.45,5.559961623440516,326089.2000000002,1:2,Success,N/A
979,490,BUY (ENTRY),2023-07-03,ANSALAPI.NS,Monthly,8.5,1394,8.81,12281.140000000001,0.0,0.0,0.0,0.0,312126.4800000002,1:2,OPEN,N/A
980,490,SELL (EXIT),2023-07-21,ANSALAPI.NS,Monthly,8.5,1394,8.09,12281.140000000001,-1003.68,42.18,-1045.86,-8.515984672432687,325043.3400000002,1:2,Fail,N/A
981,491,BUY (ENTRY),2023-07-24,GICL.NS,Monthly,36.35,254,39.84,10119.36,0.0,0.0,0.0,0.0,313242.4000000002,1:2,OPEN,N/A
982,491,SELL (EXIT),2023-09-21,GICL.NS,Monthly,36.35,254,47.69,10119.36,1993.9,40.49,1953.41,19.303691142522847,326996.7500000002,1:2,Success,N/A
983,492,BUY (ENTRY),2023-09-21,NDLVENTURE.NS,Weekly,126.2,152,133.03,20220.56,0.0,0.0,0.0,0.0,305094.61000000016,1:2,OPEN,N/A
984,492,SELL (EXIT),2023-09-25,NDLVENTURE.NS,Weekly,126.2,152,146.15,20220.56,1994.24,62.94,1931.3,9.551169700542417,328928.05000000016,1:2,Success,N/A
985,493,BUY (ENTRY),2023-09-25,JUSTDIAL.NS,Weekly,725.8,54,710.86,38386.44,0.0,0.0,0.0,0.0,288860.03000000014,1:2,OPEN,N/A
986,493,SELL (EXIT),2023-10-06,JUSTDIAL.NS,Weekly,725.8,54,747.87,38386.44,1998.54,103.31,1895.23,4.937238253925083,330823.28000000014,1:2,Success,N/A
987,494,BUY (ENTRY),2023-10-06,INOXGREEN.NS,Weekly,63.05,519,64.26,33350.94,0.0,0.0,0.0,0.0,295790.7600000001,1:2,OPEN,N/A
988,494,SELL (EXIT),2023-10-10,INOXGREEN.NS,Weekly,63.05,519,68.12,33350.94,2003.34,92.13,1911.21,5.730603095444986,332734.49000000017,1:2,Success,N/A
989,495,BUY (ENTRY),2023-10-10,JSWSTEEL.NS,Weekly,770.55,72,762.16,54875.52,0.0,0.0,0.0,0.0,276177.3900000002,1:2,OPEN,N/A
990,495,SELL (EXIT),2023-10-12,JSWSTEEL.NS,Weekly,770.55,72,789.68,54875.52,1981.44,139.94,1841.5,3.3557768564197663,334575.99000000017,1:2,Success,N/A
991,496,BUY (ENTRY),2023-10-12,TOUCHWOOD.NS,Monthly,133.5,360,139.09,50072.4,0.0,0.0,0.0,0.0,282822.0100000002,1:2,OPEN,N/A
992,496,SELL (EXIT),2023-10-13,TOUCHWOOD.NS,Monthly,133.5,360,144.64,50072.4,1998.0,129.28,1868.72,3.7320360118548344,336444.71000000014,1:2,Success,N/A
993,497,BUY (ENTRY),2023-10-13,MAHLOG.NS,Monthly,349.7,153,355.66,54415.98,0.0,0.0,0.0,0.0,280347.15000000014,1:2,OPEN,N/A
994,497,SELL (EXIT),2023-10-16,MAHLOG.NS,Monthly,349.7,153,368.66,54415.98,1989.0,138.93,1850.07,3.3998652601680606,338294.78000000014,1:2,Success,N/A
995,498,BUY (ENTRY),2023-10-17,VRLLOG.NS,Weekly,325.02,52,337.84,17567.68,0.0,0.0,0.0,0.0,319045.52000000014,1:2,OPEN,N/A
996,483,SELL (EXIT),2023-12-14,ADANIENT.NS,Monthly,1528.8,1,3011.87,1681.58,1330.29,21.05,1309.24,77.85772904054521,339604.02000000014,1:2,Success,N/A
997,499,BUY (ENTRY),2023-12-06,RAIN.NS,Monthly,143.25,162,148.25,24016.5,0.0,0.0,0.0,0.0,298019.84000000014,1:2,OPEN,N/A
998,498,SELL (EXIT),2024-01-23,VRLLOG.NS,Weekly,325.02,52,375.8,17567.68,1973.92,57.02,1916.9,10.911514781690013,341520.92000000016,1:2,Success,N/A
999,500,BUY (ENTRY),2023-12-14,NG=F,Weekly,2.42,6467,2.39,15456.130000000001,0.0,0.0,0.0,0.0,302048.29000000015,1:2,OPEN,N/A
1000,500,SELL (EXIT),2023-12-27,NG=F,Weekly,2.42,6467,2.7,15456.130000000001,2004.77,52.36,1952.41,12.631946030474639,343473.33000000013,1:2,Success,N/A
1001,501,BUY (ENTRY),2023-12-27,BOHRAIND.NS,Monthly,24.0,873,23.27,20314.71,0.0,0.0,0.0,0.0,299142.1200000001,1:2,OPEN,N/A
1002,501,SELL (EXIT),2023-12-29,BOHRAIND.NS,Monthly,24.0,873,25.56,20314.71,1999.17,63.15,1936.02,9.530138505545981,345409.35000000015,1:2,Success,N/A
1003,502,BUY (ENTRY),2023-12-29,VADILALIND.NS,Weekly,2386.05,4,2485.48,9941.92,0.0,0.0,0.0,0.0,311450.93000000017,1:2,OPEN,N/A
1004,499,SELL (EXIT),2024-01-24,RAIN.NS,Monthly,143.25,162,160.53,24016.5,1989.36,71.37,1917.99,7.9861345325089,347327.34000000014,1:2,Success,N/A
1005,502,SELL (EXIT),2024-01-24,VADILALIND.NS,Weekly,2386.05,4,2948.86,9941.92,1853.52,39.95,1813.57,18.241647488613868,349140.91000000015,1:2,Success,N/A
1006,503,BUY (ENTRY),2024-01-25,MANYAVAR.NS,Monthly,1188.5,23,1084.78,24949.94,0.0,0.0,0.0,0.0,324190.97000000015,1:2,OPEN,N/A
1007,504,BUY (ENTRY),2024-01-25,GATECHDVR.NS,Monthly,7.6,1775,6.86,12176.5,0.0,0.0,0.0,0.0,312014.47000000015,1:2,OPEN,N/A
1008,503,SELL (EXIT),2024-02-05,MANYAVAR.NS,Monthly,1188.5,23,1042.01,24949.94,-983.71,70.36,-1054.07,-4.224739618612309,348086.84000000014,1:2,Fail,N/A
1009,505,BUY (ENTRY),2024-01-30,ZEEL.NS,Monthly,170.1,78,170.57,13304.46,0.0,0.0,0.0,0.0,322605.8800000001,1:2,OPEN,N/A
1010,504,SELL (EXIT),2024-02-09,GATECHDVR.NS,Monthly,7.6,1775,6.29,12176.5,-1011.75,41.94,-1053.69,-8.653471851517267,347033.15000000014,1:2,Fail,N/A
1011,506,BUY (ENTRY),2024-02-05,ASAHIINDIA.NS,Weekly,532.7,55,536.54,29509.699999999997,0.0,0.0,0.0,0.0,304218.99000000017,1:2,OPEN,N/A
1012,505,SELL (EXIT),2024-02-12,ZEEL.NS,Monthly,170.1,78,196.03,13304.46,1985.88,47.56,1938.32,14.568949059187672,348971.47000000015,1:2,Success,N/A
1013,507,BUY (ENTRY),2024-02-09,CENTURYPLY.NS,Weekly,755.1,55,719.22,39557.1,0.0,0.0,0.0,0.0,279904.67000000016,1:2,OPEN,N/A
1014,506,SELL (EXIT),2024-02-13,ASAHIINDIA.NS,Weekly,532.7,55,518.58,29509.699999999997,-987.8,80.49,-1068.29,-3.6201316855135772,347903.18000000017,1:2,Fail,N/A
1015,508,BUY (ENTRY),2024-02-12,ZFCVINDIA.NS,Weekly,2483.52,10,2452.43,24524.3,0.0,0.0,0.0,0.0,283821.78000000014,1:2,OPEN,N/A
1016,507,SELL (EXIT),2024-02-23,CENTURYPLY.NS,Weekly,755.1,55,755.06,39557.1,1971.2,105.89,1865.31,4.715487232380534,349768.49000000017,1:2,Success,N/A
1017,509,BUY (ENTRY),2024-02-13,CONTROLPR.NS,Weekly,837.95,15,896.9,13453.5,0.0,0.0,0.0,0.0,311790.6900000002,1:2,OPEN,N/A
1018,508,SELL (EXIT),2024-05-23,ZFCVINDIA.NS,Weekly,2483.52,10,2357.64,24524.3,-947.9,69.45,-1017.35,-4.148334509037975,348751.1400000002,1:2,Fail,N/A
1019,510,BUY (ENTRY),2024-02-23,DELPHIFX.NS,Monthly,16.38,624,16.67,10402.080000000002,0.0,0.0,0.0,0.0,324895.5600000002,1:2,OPEN,N/A
1020,510,SELL (EXIT),2024-03-06,DELPHIFX.NS,Monthly,16.38,624,15.07,10402.080000000002,-998.4,38.01,-1036.41,-9.963488071616446,347714.7300000002,1:2,Fail,N/A
1021,511,BUY (ENTRY),2024-03-06,LOTUSEYE.NS,Monthly,55.2,72,62.26,4482.72,0.0,0.0,0.0,0.0,329778.51000000024,1:2,OPEN,N/A
1022,509,SELL (EXIT),2024-09-30,CONTROLPR.NS,Weekly,837.95,15,830.47,13453.5,-996.45,44.8,-1041.25,-7.7396216597911325,346673.4800000002,1:2,Fail,N/A
1023,512,BUY (ENTRY),2024-05-23,AKG.NS,Weekly,18.0,529,19.77,10458.33,0.0,0.0,0.0,0.0,331732.4300000002,1:2,OPEN,N/A
1024,512,SELL (EXIT),2024-05-27,AKG.NS,Weekly,18.0,529,23.55,10458.33,1999.62,41.25,1958.37,18.725456167476068,348631.8500000002,1:2,Success,N/A
1025,513,BUY (ENTRY),2024-05-27,BCG.NS,Monthly,9.35,1089,9.56,10410.84,0.0,0.0,0.0,0.0,333738.2900000002,1:2,OPEN,N/A
1026,513,SELL (EXIT),2024-05-30,BCG.NS,Monthly,9.35,1089,11.4,10410.84,2003.76,41.14,1962.62,18.851696885169687,350594.4700000002,1:2,Success,N/A
1027,514,BUY (ENTRY),2024-05-30,NGIL.NS,Weekly,50.0,270,45.57,12303.9,0.0,0.0,0.0,0.0,333807.8500000002,1:2,OPEN,N/A
1028,514,SELL (EXIT),2024-06-04,NGIL.NS,Weekly,50.0,270,41.87,12303.9,-999.0,42.24,-1041.24,-8.462682564065053,349553.2300000002,1:2,Fail,N/A
1029,515,BUY (ENTRY),2024-06-04,MAXHEALTH.NS,Weekly,748.45,32,777.78,24888.96,0.0,0.0,0.0,0.0,320181.5500000002,1:2,OPEN,N/A
1030,515,SELL (EXIT),2024-06-07,MAXHEALTH.NS,Weekly,748.45,32,840.23,24888.96,1998.4,73.32,1925.08,7.734674329501916,351478.31000000023,1:2,Success,N/A
1031,516,BUY (ENTRY),2024-06-07,MARATHON.NS,Monthly,358.35,13,433.33,5633.29,0.0,0.0,0.0,0.0,341362.3000000002,1:2,OPEN,N/A
1032,516,SELL (EXIT),2024-06-18,MARATHON.NS,Monthly,358.35,13,582.82,5633.29,1943.37,30.46,1912.91,33.95724345808577,353391.2200000002,1:2,Success,N/A
1033,517,BUY (ENTRY),2024-06-18,KALYANKJIL.NS,Weekly,352.15,20,420.42,8408.4,0.0,0.0,0.0,0.0,340500.1000000002,1:2,OPEN,N/A
1034,517,SELL (EXIT),2024-06-28,KALYANKJIL.NS,Weekly,352.15,20,517.3,8408.4,1937.6,36.63,1900.97,22.607987250844396,355292.1900000002,1:2,Success,N/A
1035,518,BUY (ENTRY),2024-06-28,SHRENIK.NS,Monthly,0.9,10877,1.01,10985.77,0.0,0.0,0.0,0.0,339823.7000000002,1:2,OPEN,N/A
1036,518,SELL (EXIT),2024-07-02,SHRENIK.NS,Monthly,0.9,10877,1.19,10985.77,1957.86,42.37,1915.49,17.436101429394572,357207.68000000017,1:2,Success,N/A
1037,519,BUY (ENTRY),2024-07-02,GTECJAINX.NS,Weekly,67.5,2039,70.42,143586.38,0.0,0.0,0.0,0.0,209138.58000000016,1:2,OPEN,N/A
1038,519,SELL (EXIT),2024-07-03,GTECJAINX.NS,Weekly,67.5,2039,71.4,143586.38,1998.22,337.11,1661.11,1.1568715640021008,358868.79000000015,1:2,Success,N/A
1039,520,BUY (ENTRY),2024-07-03,MALUPAPER.NS,Weekly,34.6,308,37.21,11460.68,0.0,0.0,0.0,0.0,342925.39000000013,1:2,OPEN,N/A
1040,520,SELL (EXIT),2024-07-15,MALUPAPER.NS,Weekly,34.6,308,43.69,11460.68,1995.84,43.47,1952.37,17.035376609415845,360821.16000000015,1:2,Success,N/A
1041,521,BUY (ENTRY),2024-07-15,ATAM.NS,Weekly,186.0,87,194.3,16904.100000000002,0.0,0.0,0.0,0.0,339434.34000000014,1:2,OPEN,N/A
1042,521,SELL (EXIT),2024-07-18,ATAM.NS,Weekly,186.0,87,182.82,16904.100000000002,-998.76,52.46,-1051.22,-6.21872800089919,359769.9400000002,1:2,Fail,N/A
1043,522,BUY (ENTRY),2024-07-18,MCL.NS,Weekly,35.2,1120,36.64,41036.8,0.0,0.0,0.0,0.0,314250.42000000016,1:2,OPEN,N/A
1044,522,SELL (EXIT),2024-07-19,MCL.NS,Weekly,35.2,1120,38.42,41036.8,1993.6,109.2,1884.4,4.591975982532751,361654.3400000002,1:2,Success,N/A
1045,523,BUY (ENTRY),2024-07-23,TOUCHWOOD.NS,Weekly,131.5,88,140.14,12332.32,0.0,0.0,0.0,0.0,344839.3000000002,1:2,OPEN,N/A
1046,523,SELL (EXIT),2024-08-08,TOUCHWOOD.NS,Weekly,131.5,88,162.68,12332.32,1983.52,45.39,1938.13,15.715858816508169,363592.4700000002,1:2,Success,N/A
1047,524,BUY (ENTRY),2024-08-08,MORARJEE.NS,Weekly,11.25,987,12.01,11853.869999999999,0.0,0.0,0.0,0.0,347255.8800000002,1:2,OPEN,N/A
1048,524,SELL (EXIT),2024-08-23,MORARJEE.NS,Weekly,11.25,987,14.04,11853.869999999999,2003.61,44.35,1959.26,16.52844176627549,365551.7300000002,1:2,Success,N/A
1049,525,BUY (ENTRY),2024-08-23,KILITCH.NS,Weekly,158.73,144,166.53,23980.32,0.0,0.0,0.0,0.0,337088.69000000024,1:2,OPEN,N/A
1050,525,SELL (EXIT),2024-09-10,KILITCH.NS,Weekly,158.73,144,180.34,23980.32,1988.64,71.29,1917.35,7.99551465535072,367469.0800000002,1:2,Success,N/A
1051,526,BUY (ENTRY),2024-09-10,ADANIPORTS.NS,Weekly,1419.0,29,1443.04,41848.159999999996,0.0,0.0,0.0,0.0,321138.2000000002,1:2,OPEN,N/A
1052,526,SELL (EXIT),2024-09-19,ADANIPORTS.NS,Weekly,1419.0,29,1409.59,41848.159999999996,-970.05,107.93,-1077.98,-2.5759316538648296,366391.1000000002,1:2,Fail,N/A
1053,527,BUY (ENTRY),2024-09-19,ENDURANCE.NS,Weekly,2416.55,11,2481.48,27296.28,0.0,0.0,0.0,0.0,334612.1000000002,1:2,OPEN,N/A
1054,527,SELL (EXIT),2024-09-25,ENDURANCE.NS,Weekly,2416.55,11,2391.61,27296.28,-988.57,75.57,-1064.14,-3.8984799393910095,365326.9600000002,1:2,Fail,N/A
1055,528,BUY (ENTRY),2024-09-25,HBSL.NS,Weekly,138.99,142,141.77,20131.34,0.0,0.0,0.0,0.0,340712.9000000002,1:2,OPEN,N/A
1056,528,SELL (EXIT),2024-09-26,HBSL.NS,Weekly,138.99,142,155.78,20131.34,1989.42,62.73,1926.69,9.570599870649446,367253.6500000002,1:2,Success,N/A
1057,529,BUY (ENTRY),2024-09-26,TARACHAND.NS,Weekly,73.38,308,76.37,23521.960000000003,0.0,0.0,0.0,0.0,339248.9700000002,1:2,OPEN,N/A
1058,511,SELL (EXIT),2024-10-03,LOTUSEYE.NS,Monthly,55.2,72,89.88,4482.72,1988.64,27.95,1960.69,43.73884605775065,369214.3400000002,1:2,Success,N/A
1059,530,BUY (ENTRY),2024-09-30,GREENPOWER.NS,Weekly,19.24,1252,19.68,24639.36,0.0,0.0,0.0,0.0,321053.0200000002,1:2,OPEN,N/A
1060,529,SELL (EXIT),2024-10-03,TARACHAND.NS,Weekly,73.38,308,73.13,23521.960000000003,-997.92,67.17,-1065.09,-4.528066538672797,368149.2500000002,1:2,Fail,N/A
1061,530,SELL (EXIT),2024-10-03,GREENPOWER.NS,Weekly,19.24,1252,21.28,24639.36,2003.2,72.77,1930.43,7.8347408374243495,370079.68000000017,1:2,Success,N/A
1062,531,BUY (ENTRY),2024-10-03,LEXUS.NS,Weekly,40.21,159,44.54,7081.86,0.0,0.0,0.0,0.0,362997.8200000002,1:2,OPEN,N/A
1063,532,BUY (ENTRY),2024-10-03,TIJARIA.NS,Weekly,12.76,999,10.84,10829.16,0.0,0.0,0.0,0.0,352168.66000000015,1:2,OPEN,N/A
1064,532,SELL (EXIT),2024-10-30,TIJARIA.NS,Weekly,12.76,999,9.84,10829.16,-999.0,38.96,-1037.96,-9.58486161438191,369041.72000000015,1:2,Fail,N/A
1065,533,BUY (ENTRY),2024-10-30,DCBBANK.NS,Monthly,109.9,381,118.63,45198.03,0.0,0.0,0.0,0.0,316761.83000000013,1:2,OPEN,N/A
1066,533,SELL (EXIT),2024-11-01,DCBBANK.NS,Monthly,109.9,381,123.88,45198.03,2000.25,118.45,1881.8,4.163455796635384,370923.52000000014,1:2,Success,N/A
1067,534,BUY (ENTRY),2024-11-01,NIBL.NS,Monthly,25.75,542,27.81,15073.019999999999,0.0,0.0,0.0,0.0,348768.64000000013,1:2,OPEN,N/A
1068,534,SELL (EXIT),2024-11-18,NIBL.NS,Monthly,25.75,542,25.96,15073.019999999999,-1002.7,48.39,-1051.09,-6.973320542266912,369872.4300000001,1:2,Fail,N/A
1069,535,BUY (ENTRY),2024-11-18,TVSMOTOR.NS,Weekly,2375.0,16,2417.41,38678.56,0.0,0.0,0.0,0.0,324112.0100000001,1:2,OPEN,N/A
1070,535,SELL (EXIT),2024-12-03,TVSMOTOR.NS,Weekly,2375.0,16,2536.96,38678.56,1912.8,103.87,1808.93,4.676828713375059,371681.3600000001,1:2,Success,N/A
1071,536,BUY (ENTRY),2024-12-03,SVPGLOB.NS,Monthly,5.8,12486,5.09,63553.74,0.0,0.0,0.0,0.0,301045.7600000001,1:2,OPEN,N/A
1072,536,SELL (EXIT),2024-12-04,SVPGLOB.NS,Monthly,5.8,12486,5.25,63553.74,1997.76,159.25,1838.51,2.8928431277215156,373519.8700000001,1:2,Success,N/A
1073,537,BUY (ENTRY),2024-12-04,TOUCHWOOD.NS,Monthly,129.0,220,138.44,30456.8,0.0,0.0,0.0,0.0,335981.21000000014,1:2,OPEN,N/A
1074,537,SELL (EXIT),2024-12-06,TOUCHWOOD.NS,Monthly,129.0,220,147.52,30456.8,1997.6,85.69,1911.91,6.2774487142444375,375431.7800000001,1:2,Success,N/A
1075,538,BUY (ENTRY),2024-12-06,SAGARDEEP.NS,Weekly,25.08,2550,26.23,66886.5,0.0,0.0,0.0,0.0,301463.4200000001,1:2,OPEN,N/A
1076,538,SELL (EXIT),2024-12-09,SAGARDEEP.NS,Weekly,25.08,2550,27.01,66886.5,1989.0,166.64,1822.36,2.724555777324273,377254.1400000001,1:2,Success,N/A
1077,539,BUY (ENTRY),2024-12-09,DCMNVL.NS,Weekly,193.8,114,195.19,22251.66,0.0,0.0,0.0,0.0,347920.62000000005,1:2,OPEN,N/A
1078,539,SELL (EXIT),2024-12-11,DCMNVL.NS,Weekly,193.8,114,212.66,22251.66,1991.58,67.45,1924.13,8.647130146694675,379178.2700000001,1:2,Success,N/A
1079,540,BUY (ENTRY),2024-12-11,RAJRATAN.NS,Weekly,501.0,165,502.55,82920.75,0.0,0.0,0.0,0.0,289175.6600000001,1:2,OPEN,N/A
1080,540,SELL (EXIT),2024-12-12,RAJRATAN.NS,Weekly,501.0,165,496.5,82920.75,-998.25,199.18,-1197.43,-1.4440655686302886,377980.8400000001,1:2,Fail,N/A
1081,541,BUY (ENTRY),2024-12-12,PASHUPATI.NS,Weekly,47.6,836,48.55,40587.799999999996,0.0,0.0,0.0,0.0,330311.1800000001,1:2,OPEN,N/A
1082,541,SELL (EXIT),2024-12-13,PASHUPATI.NS,Weekly,47.6,836,50.94,40587.799999999996,1998.04,108.2,1889.84,4.656177472048252,379870.6800000001,1:2,Success,N/A
1083,542,BUY (ENTRY),2024-12-16,EMCURE.NS,Weekly,1324.05,20,1387.79,27755.8,0.0,0.0,0.0,0.0,345033.02000000014,1:2,OPEN,N/A
1084,542,SELL (EXIT),2025-01-03,EMCURE.NS,Weekly,1324.05,20,1486.94,27755.8,1983.0,79.67,1903.33,6.857413585628949,381774.0100000001,1:2,Success,N/A
1085,543,BUY (ENTRY),2025-01-03,KIRLOSENG.NS,Monthly,1001.0,27,1049.85,28345.949999999997,0.0,0.0,0.0,0.0,346346.2000000001,1:2,OPEN,N/A
1086,543,SELL (EXIT),2025-01-06,KIRLOSENG.NS,Monthly,1001.0,27,1012.94,28345.949999999997,-996.57,77.89,-1074.46,-3.7905238667252297,380699.5500000001,1:2,Fail,N/A
1087,544,BUY (ENTRY),2025-01-07,JSWDULUX.NS,Weekly,3562.25,4,3615.61,14462.44,0.0,0.0,0.0,0.0,359155.2500000001,1:2,OPEN,N/A
1088,531,SELL (EXIT),2025-02-12,LEXUS.NS,Weekly,40.21,159,38.26,7081.86,-998.52,30.63,-1029.15,-14.532199168015184,379670.4000000001,1:2,Fail,N/A
1089,545,BUY (ENTRY),2025-01-28,AXISBANK.NS,Monthly,995.7,55,950.7,52288.5,0.0,0.0,0.0,0.0,312919.4600000001,1:2,OPEN,N/A
1090,545,SELL (EXIT),2025-01-29,AXISBANK.NS,Monthly,995.7,55,986.97,52288.5,1994.85,134.21,1860.64,3.558411505397937,381531.0400000001,1:2,Success,N/A
1091,546,BUY (ENTRY),2025-01-29,MASTEK.NS,Monthly,2550.55,5,2466.91,12334.55,0.0,0.0,0.0,0.0,354734.0500000001,1:2,OPEN,N/A
1092,544,SELL (EXIT),2025-02-17,JSWDULUX.NS,Weekly,3562.25,4,3376.72,14462.44,-955.56,47.08,-1002.64,-6.9327167476580716,380528.4000000001,1:2,Fail,N/A
1093,547,BUY (ENTRY),2025-02-13,MANGLMCEM.NS,Monthly,777.05,18,818.72,14736.960000000001,0.0,0.0,0.0,0.0,353456.8900000001,1:2,OPEN,N/A
1094,546,SELL (EXIT),2025-02-17,MASTEK.NS,Monthly,2550.55,5,2298.8,12334.55,-840.55,42.47,-883.02,-7.158915404291198,379645.38000000006,1:2,Fail,N/A
1095,547,SELL (EXIT),2025-02-17,MANGLMCEM.NS,Monthly,777.05,18,764.24,14736.960000000001,-980.64,47.67,-1028.31,-6.9777620350465765,378617.07000000007,1:2,Fail,N/A
1096,548,BUY (ENTRY),2025-02-18,ACI.NS,Monthly,494.15,36,435.18,15666.48,0.0,0.0,0.0,0.0,362950.5900000001,1:2,OPEN,N/A
1097,549,BUY (ENTRY),2025-02-18,ACI.NS,Monthly,494.15,36,435.18,15666.48,0.0,0.0,0.0,0.0,347284.11000000004,1:2,OPEN,N/A
1098,548,SELL (EXIT),2025-02-21,ACI.NS,Monthly,494.15,36,489.67,15666.48,1961.64,52.78,1908.86,12.184357941286109,380525.93000000005,1:2,Success,N/A
1099,549,SELL (EXIT),2025-02-21,ACI.NS,Monthly,494.15,36,489.67,15666.48,1961.64,52.78,1908.86,12.184357941286109,382434.79000000004,1:2,Success,N/A
1100,550,BUY (ENTRY),2025-02-21,SUNDARAM.NS,Monthly,2.05,7451,2.17,16168.67,0.0,0.0,0.0,0.0,366266.12000000005,1:2,OPEN,N/A
1101,551,BUY (ENTRY),2025-02-21,SUNDARAM.NS,Monthly,2.05,7451,2.17,16168.67,0.0,0.0,0.0,0.0,350097.45,1:2,OPEN,N/A
1102,550,SELL (EXIT),2025-02-28,SUNDARAM.NS,Monthly,2.05,7451,2.04,16168.67,-968.63,50.86,-1019.49,-6.3053423689146975,381415.30000000005,1:2,Fail,N/A
1103,551,SELL (EXIT),2025-02-28,SUNDARAM.NS,Monthly,2.05,7451,2.04,16168.67,-968.63,50.86,-1019.49,-6.3053423689146975,380395.81000000006,1:2,Fail,N/A
1104,552,BUY (ENTRY),2025-03-03,CHEMPLASTS.NS,Monthly,432.35,59,407.61,24048.99,0.0,0.0,0.0,0.0,356346.82000000007,1:2,OPEN,N/A
1105,553,BUY (ENTRY),2025-03-03,CHEMPLASTS.NS,Monthly,432.35,59,407.61,24048.99,0.0,0.0,0.0,0.0,332297.8300000001,1:2,OPEN,N/A
1106,552,SELL (EXIT),2025-03-06,CHEMPLASTS.NS,Monthly,432.35,59,441.1,24048.99,1975.91,71.43,1904.48,7.919168330977724,382300.29000000004,1:2,Success,N/A
1107,553,SELL (EXIT),2025-03-06,CHEMPLASTS.NS,Monthly,432.35,59,441.1,24048.99,1975.91,71.43,1904.48,7.919168330977724,384204.77,1:2,Success,N/A
1108,554,BUY (ENTRY),2025-03-06,HINDUNILVR.NS,Monthly,2172.05,21,2194.09,46075.89,0.0,0.0,0.0,0.0,338128.88,1:2,OPEN,N/A
1109,555,BUY (ENTRY),2025-03-06,HINDUNILVR.NS,Monthly,2172.05,21,2194.09,46075.89,0.0,0.0,0.0,0.0,292052.99,1:2,OPEN,N/A
1110,554,SELL (EXIT),2025-03-25,HINDUNILVR.NS,Monthly,2172.05,21,2286.58,46075.89,1942.29,120.34,1821.95,3.9542372377397377,386026.72000000003,1:2,Success,N/A
1111,555,SELL (EXIT),2025-03-25,HINDUNILVR.NS,Monthly,2172.05,21,2286.58,46075.89,1942.29,120.34,1821.95,3.9542372377397377,387848.67000000004,1:2,Success,N/A
1112,556,BUY (ENTRY),2025-03-25,SASKEN.NS,Monthly,1439.9,8,1516.52,12132.16,0.0,0.0,0.0,0.0,375716.51000000007,1:2,OPEN,N/A
1113,557,BUY (ENTRY),2025-03-25,SALASAR.NS,Monthly,8.73,646,9.68,6253.28,0.0,0.0,0.0,0.0,369463.23000000004,1:2,OPEN,N/A
1114,557,SELL (EXIT),2025-03-28,SALASAR.NS,Monthly,8.73,646,8.13,6253.28,-1001.3,28.79,-1030.09,-16.472795077143516,386818.58,1:2,Fail,N/A
1115,558,BUY (ENTRY),2025-03-28,JINDWORLD.NS,Monthly,54.69,81,66.38,5376.78,0.0,0.0,0.0,0.0,369309.64,1:2,OPEN,N/A
1116,556,SELL (EXIT),2025-06-30,SASKEN.NS,Monthly,1439.9,8,1403.94,12132.16,-900.64,41.96,-942.6,-7.769432648431937,385875.98000000004,1:2,Fail,N/A
1117,559,BUY (ENTRY),2025-04-08,DRREDDY.NS,Monthly,1041.11,12,1099.95,13199.400000000001,0.0,0.0,0.0,0.0,367299.80000000005,1:2,OPEN,N/A
1118,559,SELL (EXIT),2025-06-04,DRREDDY.NS,Monthly,1041.11,12,1261.89,13199.400000000001,1943.28,47.28,1896.0,14.36428928587663,387771.98000000004,1:2,Success,N/A
1119,560,BUY (ENTRY),2025-06-04,GLFL.NS,Weekly,3.99,6753,4.11,27754.83,0.0,0.0,0.0,0.0,354640.37000000005,1:2,OPEN,N/A
1120,560,SELL (EXIT),2025-06-06,GLFL.NS,Weekly,3.99,6753,4.41,27754.83,2025.9,79.71,1946.19,7.012076816899977,389718.17000000004,1:2,Success,N/A
1121,561,BUY (ENTRY),2025-06-06,PARSVNATH.NS,Monthly,15.34,338,18.11,6121.179999999999,0.0,0.0,0.0,0.0,378220.21,1:2,OPEN,N/A
1122,558,SELL (EXIT),2025-07-07,JINDWORLD.NS,Monthly,54.69,81,54.09,5376.78,-995.49,26.85,-1022.34,-19.013982346311362,388695.83,1:2,Fail,N/A
1123,562,BUY (ENTRY),2025-06-30,SHRENIK.NS,Weekly,0.59,32082,0.6,19249.2,0.0,0.0,0.0,0.0,363325.45,1:2,OPEN,N/A
1124,561,SELL (EXIT),2025-07-28,PARSVNATH.NS,Monthly,15.34,338,24.01,6121.179999999999,1994.2,31.6,1962.6,32.06244547619904,390658.43,1:2,Success,N/A
1125,563,BUY (ENTRY),2025-07-07,KRYSTAL.NS,Weekly,582.0,21,615.61,12927.81,0.0,0.0,0.0,0.0,358481.42,1:2,OPEN,N/A
1126,562,SELL (EXIT),2025-09-03,SHRENIK.NS,Weekly,0.59,32082,0.57,19249.2,-962.46,57.71,-1020.17,-5.299804667206948,389638.26,1:2,Fail,N/A
1127,564,BUY (ENTRY),2025-07-29,JSFB.NS,Weekly,475.1,77,460.46,35455.42,0.0,0.0,0.0,0.0,341255.03,1:2,OPEN,N/A
1128,564,SELL (EXIT),2025-07-31,JSFB.NS,Weekly,475.1,77,486.18,35455.42,1980.44,96.78,1883.66,5.312756131502603,391521.92,1:2,Success,N/A
1129,565,BUY (ENTRY),2025-07-31,ARVSMART.NS,Monthly,601.0,50,620.57,31028.500000000004,0.0,0.0,0.0,0.0,347565.61,1:2,OPEN,N/A
1130,565,SELL (EXIT),2025-08-06,ARVSMART.NS,Monthly,601.0,50,600.95,31028.500000000004,-981.0,83.87,-1064.87,-3.431909373640362,390457.05,1:2,Fail,N/A
1131,566,BUY (ENTRY),2025-08-06,AIAENG.NS,Monthly,3027.2,10,3157.05,31570.5,0.0,0.0,0.0,0.0,345958.74,1:2,OPEN,N/A
1132,566,SELL (EXIT),2025-08-11,AIAENG.NS,Monthly,3027.2,10,3062.93,31570.5,-941.2,85.12,-1026.32,-3.250882944520993,389430.73,1:2,Fail,N/A
1133,567,BUY (ENTRY),2025-08-11,INDOTECH.NS,Monthly,1635.55,11,1613.51,17748.61,0.0,0.0,0.0,0.0,358754.31,1:2,OPEN,N/A
1134,567,SELL (EXIT),2025-08-13,INDOTECH.NS,Monthly,1635.55,11,1793.59,17748.61,1980.88,57.43,1923.45,10.837186686732087,391354.18,1:2,Success,N/A
1135,568,BUY (ENTRY),2025-08-13,JISLDVREQS.NS,Monthly,25.99,414,28.43,11770.02,0.0,0.0,0.0,0.0,366656.35,1:2,OPEN,N/A
1136,563,SELL (EXIT),2025-09-03,KRYSTAL.NS,Weekly,582.0,21,707.59,12927.81,1931.58,46.66,1884.92,14.58035042284811,393239.1,1:2,Success,N/A
1137,568,SELL (EXIT),2025-09-03,JISLDVREQS.NS,Monthly,25.99,414,33.26,11770.02,1999.62,44.16,1955.46,16.613905498886155,395194.56,1:2,Success,N/A
1138,569,BUY (ENTRY),2025-09-03,SCPL.NS,Monthly,262.6,45,260.26,11711.699999999999,0.0,0.0,0.0,0.0,383482.86,1:2,OPEN,N/A
1139,570,BUY (ENTRY),2025-09-03,SCPL.NS,Monthly,262.6,45,260.26,11711.699999999999,0.0,0.0,0.0,0.0,371771.16,1:2,OPEN,N/A
1140,569,SELL (EXIT),2025-09-26,SCPL.NS,Monthly,262.6,45,238.16,11711.699999999999,-994.5,40.93,-1035.43,-8.840988071757304,394159.13,1:2,Fail,N/A
1141,570,SELL (EXIT),2025-09-26,SCPL.NS,Monthly,262.6,45,238.16,11711.699999999999,-994.5,40.93,-1035.43,-8.840988071757304,393123.7,1:2,Fail,N/A
1142,571,BUY (ENTRY),2025-09-26,GLFL.NS,Weekly,5.41,2430,5.91,14361.300000000001,0.0,0.0,0.0,0.0,378762.4,1:2,OPEN,N/A
1143,572,BUY (ENTRY),2025-09-26,TICL.NS,Weekly,21.0,311,22.54,7009.94,0.0,0.0,0.0,0.0,371752.46,1:2,OPEN,N/A
1144,572,SELL (EXIT),2025-10-08,TICL.NS,Weekly,21.0,311,28.97,7009.94,1999.73,33.58,1966.15,28.048028941759846,395089.85000000003,1:2,Success,N/A
1145,573,BUY (ENTRY),2025-10-08,UTKARSHBNK.NS,Weekly,19.9,2918,18.66,54449.88,0.0,0.0,0.0,0.0,326278.67000000004,1:2,OPEN,N/A
1146,573,SELL (EXIT),2025-10-09,UTKARSHBNK.NS,Weekly,19.9,2918,19.35,54449.88,2013.42,139.03,1874.39,3.4424134635374775,396964.24000000005,1:2,Success,N/A
1147,574,BUY (ENTRY),2025-10-09,PDSL.NS,Monthly,304.0,128,311.21,39834.88,0.0,0.0,0.0,0.0,342768.06000000006,1:2,OPEN,N/A
1148,571,SELL (EXIT),2025-10-13,GLFL.NS,Weekly,5.41,2430,6.73,14361.300000000001,1992.6,49.91,1942.69,13.527257281722408,398906.93000000005,1:2,Success,N/A
1149,575,BUY (ENTRY),2025-10-10,VLEGOV.NS,Monthly,28.75,1025,28.11,28812.75,0.0,0.0,0.0,0.0,330259.30000000005,1:2,OPEN,N/A
1150,574,SELL (EXIT),2025-10-15,PDSL.NS,Monthly,304.0,128,303.45,39834.88,-993.28,103.43,-1096.71,-2.7531399617621544,397810.22000000003,1:2,Fail,N/A
1151,576,BUY (ENTRY),2025-10-13,LALPATHLAB.NS,Weekly,1580.0,20,1556.55,31131.0,0.0,0.0,0.0,0.0,337866.47000000003,1:2,OPEN,N/A
1152,575,SELL (EXIT),2025-10-24,VLEGOV.NS,Monthly,28.75,1025,27.13,28812.75,-1004.5,78.92,-1083.42,-3.7602103235546767,396726.80000000005,1:2,Fail,N/A
1153,577,BUY (ENTRY),2025-10-15,PGHL.NS,Weekly,6208.0,5,6176.17,30880.85,0.0,0.0,0.0,0.0,334714.95000000007,1:2,OPEN,N/A
1154,576,SELL (EXIT),2025-11-06,LALPATHLAB.NS,Weekly,1580.0,20,1508.89,31131.0,-953.2,84.13,-1037.33,-3.3321448074266806,395689.47000000003,1:2,Fail,N/A
1155,578,BUY (ENTRY),2025-10-24,ANUHPHR.NS,Weekly,80.5,182,86.84,15804.880000000001,0.0,0.0,0.0,0.0,349003.74000000005,1:2,OPEN,N/A
1156,577,SELL (EXIT),2025-11-10,PGHL.NS,Weekly,6208.0,5,6004.99,30880.85,-855.9,83.67,-939.57,-3.042565214364242,394749.9,1:2,Fail,N/A
1157,579,BUY (ENTRY),2025-11-06,EXXARO.NS,Weekly,6.7,880,8.71,7664.800000000001,0.0,0.0,0.0,0.0,371280.22000000003,1:2,OPEN,N/A
1158,578,SELL (EXIT),2026-01-12,ANUHPHR.NS,Weekly,80.5,182,81.36,15804.880000000001,-997.36,50.02,-1047.38,-6.626940539883884,393702.52,1:2,Fail,N/A
1159,580,BUY (ENTRY),2025-11-10,BANSWRAS.NS,Monthly,110.15,187,114.85,21476.95,0.0,0.0,0.0,0.0,364560.77,1:2,OPEN,N/A
1160,580,SELL (EXIT),2025-11-12,BANSWRAS.NS,Monthly,110.15,187,125.52,21476.95,1995.29,65.73,1929.56,8.984329711621063,395632.08,1:2,Success,N/A
1161,581,BUY (ENTRY),2025-11-12,TRENT.NS,Monthly,4488.0,9,4369.36,39324.24,0.0,0.0,0.0,0.0,348643.04000000004,1:2,OPEN,N/A
1162,581,SELL (EXIT),2025-11-25,TRENT.NS,Monthly,4488.0,9,4258.84,39324.24,-994.68,102.3,-1096.98,-2.7895771157942275,394535.10000000003,1:2,Fail,N/A
1163,582,BUY (ENTRY),2025-11-25,SHYAMCENT.NS,Monthly,5.0,1135,5.85,6639.75,0.0,0.0,0.0,0.0,380230.55000000005,1:2,OPEN,N/A
1164,579,SELL (EXIT),2026-02-27,EXXARO.NS,Weekly,6.7,880,7.57,7664.800000000001,-1003.2,31.93,-1035.13,-13.504983822148,393499.97000000003,1:2,Fail,N/A
1165,583,BUY (ENTRY),2026-01-13,ZIMLAB.NS,Monthly,67.0,165,74.47,12287.55,0.0,0.0,0.0,0.0,374572.67000000004,1:2,OPEN,N/A
1166,583,SELL (EXIT),2026-01-23,ZIMLAB.NS,Monthly,67.0,165,68.43,12287.55,-996.6,42.21,-1038.81,-8.454167022718117,392461.16000000003,1:2,Fail,N/A
1167,584,BUY (ENTRY),2026-01-23,DRREDDY.NS,Monthly,1180.9,25,1226.22,30655.5,0.0,0.0,0.0,0.0,355165.91000000003,1:2,OPEN,N/A
1168,584,SELL (EXIT),2026-02-02,DRREDDY.NS,Monthly,1180.9,25,1186.51,30655.5,-992.75,83.03,-1075.78,-3.509256087814584,391385.38,1:2,Fail,N/A
1169,585,BUY (ENTRY),2026-02-02,DOLLAR.NS,Monthly,310.6,107,317.77,34001.39,0.0,0.0,0.0,0.0,350744.24,1:2,OPEN,N/A
1170,585,SELL (EXIT),2026-02-03,DOLLAR.NS,Monthly,310.6,107,336.32,34001.39,1984.85,93.55,1891.3,5.562419654020027,393276.68,1:2,Success,N/A
1171,586,BUY (ENTRY),2026-02-03,TASTYBITE.NS,Yearly,7456.95,2,6997.99,13995.98,0.0,0.0,0.0,0.0,372640.95,1:2,OPEN,N/A
1172,586,SELL (EXIT),2026-02-10,TASTYBITE.NS,Yearly,7456.95,2,7880.1,13995.98,1764.22,48.86,1715.36,12.25609067746596,394992.04,1:2,Success,N/A
1173,587,BUY (ENTRY),2026-02-10,AAVAS.NS,Yearly,1307.0,17,1339.34,22768.78,0.0,0.0,0.0,0.0,365583.51,1:2,OPEN,N/A
1174,587,SELL (EXIT),2026-02-13,AAVAS.NS,Yearly,1307.0,17,1281.22,22768.78,-988.04,65.51,-1053.55,-4.627169308149141,393938.49,1:2,Fail,N/A
1175,588,BUY (ENTRY),2026-02-13,NATCAPSUQ.NS,Weekly,160.0,97,165.14,16018.579999999998,0.0,0.0,0.0,0.0,371280.16,1:2,OPEN,N/A
1176,588,SELL (EXIT),2026-02-25,NATCAPSUQ.NS,Weekly,160.0,97,154.84,16018.579999999998,-999.1,50.5,-1049.6,-6.552391035909551,392888.89,1:2,Fail,N/A
1177,589,BUY (ENTRY),2026-02-25,PTL.NS,Monthly,37.36,2144,38.43,82393.92,0.0,0.0,0.0,0.0,303855.22000000003,1:2,OPEN,N/A
1178,582,SELL (EXIT),2026-03-02,SHYAMCENT.NS,Monthly,5.0,1135,4.97,6639.75,-998.8,29.65,-1028.45,-15.489288000301215,391860.44,1:2,Fail,N/A
1179,590,BUY (ENTRY),2026-02-27,PVSL.NS,Monthly,86.75,118,92.59,10925.62,0.0,0.0,0.0,0.0,298540.9,1:2,OPEN,N/A
1180,589,SELL (EXIT),2026-03-16,PTL.NS,Monthly,37.36,2144,37.96,82393.92,-1007.68,198.0,-1205.68,-1.4633118560204443,390654.76,1:2,Fail,N/A
1181,591,BUY (ENTRY),2026-03-02,LAKPRE.NS,Weekly,4.66,2634,4.99,13143.66,0.0,0.0,0.0,0.0,366585.48,1:2,OPEN,N/A
1182,591,SELL (EXIT),2026-03-09,LAKPRE.NS,Weekly,4.66,2634,4.62,13143.66,-974.58,44.13,-1018.71,-7.750580888428338,389636.05,1:2,Fail,N/A
1183,592,BUY (ENTRY),2026-03-09,RSYSTEMS.NS,Monthly,283.0,61,268.67,16388.870000000003,0.0,0.0,0.0,0.0,362321.56,1:2,OPEN,N/A
1184,592,SELL (EXIT),2026-03-10,RSYSTEMS.NS,Monthly,283.0,61,301.31,16388.870000000003,1991.04,54.42,1936.62,11.816678026001789,391572.67,1:2,Success,N/A
1185,593,BUY (ENTRY),2026-03-10,IGL.NS,Yearly,153.05,288,155.56,44801.28,0.0,0.0,0.0,0.0,335845.76999999996,1:2,OPEN,N/A
1186,593,SELL (EXIT),2026-03-11,IGL.NS,Yearly,153.05,288,162.49,44801.28,1995.84,117.57,1878.27,4.192447180080569,393450.94,1:2,Success,N/A
1187,594,BUY (ENTRY),2026-03-11,INDIANHUME.NS,Monthly,339.35,66,319.22,21068.52,0.0,0.0,0.0,0.0,361456.8,1:2,OPEN,N/A
1188,594,SELL (EXIT),2026-03-12,INDIANHUME.NS,Monthly,339.35,66,349.27,21068.52,1983.3,64.81,1918.49,9.105955235583703,395369.43,1:2,Success,N/A
1189,595,BUY (ENTRY),2026-03-12,DOMS.NS,Monthly,2092.3,10,2151.15,21511.5,0.0,0.0,0.0,0.0,362932.31,1:2,OPEN,N/A
1190,595,SELL (EXIT),2026-03-13,DOMS.NS,Monthly,2092.3,10,2056.24,21511.5,-949.1,62.75,-1011.85,-4.703763103456291,394357.58,1:2,Fail,N/A
1191,596,BUY (ENTRY),2026-03-13,COMPUSOFT.NS,Weekly,13.0,1081,12.91,13955.710000000001,0.0,0.0,0.0,0.0,369476.25,1:2,OPEN,N/A
1192,590,SELL (EXIT),2026-03-16,PVSL.NS,Monthly,86.75,118,84.19,10925.62,-991.2,39.18,-1030.38,-9.43086067426837,393327.2,1:2,Fail,N/A
1193,596,SELL (EXIT),2026-03-16,COMPUSOFT.NS,Weekly,13.0,1081,14.76,13955.710000000001,1999.85,49.02,1950.83,13.978722687702739,395278.03,1:2,Success,N/A
1194,597,BUY (ENTRY),2026-03-16,LOTUSEYE.NS,Monthly,101.5,149,106.11,15810.39,0.0,0.0,0.0,0.0,379467.64,1:2,OPEN,N/A
1195,598,BUY (ENTRY),2026-03-16,LOTUSEYE.NS,Monthly,101.5,149,106.11,15810.39,0.0,0.0,0.0,0.0,363657.25,1:2,OPEN,N/A
1196,597,SELL (EXIT),2026-03-30,LOTUSEYE.NS,Monthly,101.5,149,99.4,15810.39,-999.79,50.03,-1049.82,-6.640063907341943,394228.21,1:2,Fail,N/A
1197,598,SELL (EXIT),2026-03-30,LOTUSEYE.NS,Monthly,101.5,149,99.4,15810.39,-999.79,50.03,-1049.82,-6.640063907341943,393178.39,1:2,Fail,N/A
1198,599,BUY (ENTRY),2026-04-01,NATHBIOGEN.NS,Yearly,127.3,195,131.13,25570.35,0.0,0.0,0.0,0.0,367608.04000000004,1:2,OPEN,N/A
1199,600,BUY (ENTRY),2026-04-01,NATHBIOGEN.NS,Yearly,127.3,195,131.13,25570.35,0.0,0.0,0.0,0.0,342037.69,1:2,OPEN,N/A
1200,599,SELL (EXIT),2026-04-02,NATHBIOGEN.NS,Yearly,127.3,195,141.35,25570.35,1992.9,74.82,1918.08,7.501187899266143,395096.47000000003,1:2,Success,N/A
1201,600,SELL (EXIT),2026-04-02,NATHBIOGEN.NS,Yearly,127.3,195,141.35,25570.35,1992.9,74.82,1918.08,7.501187899266143,397014.55000000005,1:2,Success,N/A
1202,601,BUY (ENTRY),2026-04-02,GSS.NS,Yearly,11.9,641,10.41,6672.81,0.0,0.0,0.0,0.0,390341.74000000005,1:2,OPEN,N/A
1203,602,BUY (ENTRY),2026-04-02,GULFPETRO.NS,Yearly,24.45,680,25.95,17646.0,0.0,0.0,0.0,0.0,372695.74000000005,1:2,OPEN,N/A
1204,602,SELL (EXIT),2026-04-06,GULFPETRO.NS,Yearly,24.45,680,28.89,17646.0,1999.2,57.22,1941.98,11.005213646152102,398956.53,1:2,Success,N/A
1205,603,BUY (ENTRY),2026-04-06,SBILIFE.NS,Monthly,1757.7,18,1780.68,32052.24,0.0,0.0,0.0,0.0,360231.48000000004,1:2,OPEN,N/A
1206,603,SELL (EXIT),2026-04-08,SBILIFE.NS,Monthly,1757.7,18,1889.29,32052.24,1954.98,89.19,1865.79,5.821090819237594,400822.32,1:2,Success,N/A
1207,604,BUY (ENTRY),2026-04-08,SBICARD.NS,Yearly,647.95,36,642.59,23133.24,0.0,0.0,0.0,0.0,371016.27,1:2,OPEN,N/A
1208,601,SELL (EXIT),2026-04-16,GSS.NS,Yearly,11.9,641,13.53,6672.81,1999.92,32.83,1967.09,29.479184931086,402789.41000000003,1:2,Success,N/A
1209,605,BUY (ENTRY),2026-04-09,AQYLON.NS,Yearly,41.25,237,43.42,10290.54,0.0,0.0,0.0,0.0,369365.63,1:2,OPEN,N/A
1210,604,SELL (EXIT),2026-04-22,SBICARD.NS,Yearly,647.95,36,698.01,23133.24,1995.12,69.41,1925.71,8.324428398270195,404715.12000000005,1:2,Success,N/A
1211,606,BUY (ENTRY),2026-04-16,NG=F,Weekly,2.77,15823,2.63,41614.49,0.0,0.0,0.0,0.0,352810.0900000001,1:2,OPEN,N/A
1212,605,SELL (EXIT),2026-04-22,AQYLON.NS,Yearly,41.25,237,51.83,10290.54,1993.17,40.87,1952.3,18.971793511322048,406667.42000000004,1:2,Success,N/A
1213,606,SELL (EXIT),2026-04-22,NG=F,Weekly,2.77,15823,2.76,41614.49,2056.99,110.55,1946.44,4.67731311857961,408613.86000000004,1:2,Success,N/A
1214,607,BUY (ENTRY),2026-04-22,PIRAMALFIN.NS,Weekly,1675.5,11,1721.02,18931.22,0.0,0.0,0.0,0.0,389682.64,1:2,OPEN,N/A
1215,608,BUY (ENTRY),2026-04-23,SHAILY.NS,Weekly,1800.0,7,1977.98,13845.86,0.0,0.0,0.0,0.0,375836.78,1:2,OPEN,N/A
1216,608,SELL (EXIT),2026-04-24,SHAILY.NS,Weekly,1800.0,7,2249.42,13845.86,1900.08,48.67,1851.41,13.371578219048871,410465.27,1:2,Success,N/A
1217,609,BUY (ENTRY),2026-04-27,KIRLFER.NS,Weekly,452.2,39,440.39,17175.21,0.0,0.0,0.0,0.0,374358.84,1:2,OPEN,N/A
1218,607,SELL (EXIT),2026-05-19,PIRAMALFIN.NS,Weekly,1675.5,11,1901.92,18931.22,1989.9,60.07,1929.83,10.193901924968385,412395.10000000003,1:2,Success,N/A
1219,610,BUY (ENTRY),2026-04-28,NOVARTIND.NS,Weekly,701.65,27,985.93,26620.109999999997,0.0,0.0,0.0,0.0,368599.78,1:2,OPEN,N/A
1220,610,SELL (EXIT),2026-05-07,NOVARTIND.NS,Weekly,701.65,27,1058.71,26620.109999999997,1965.06,77.13,1887.93,7.092119454051844,414283.03,1:2,Success,N/A
1221,611,BUY (ENTRY),2026-05-07,OBCL.NS,Monthly,51.66,188,56.46,10614.48,0.0,0.0,0.0,0.0,386493.34,1:2,OPEN,N/A
1222,609,SELL (EXIT),2026-06-01,KIRLFER.NS,Weekly,452.2,39,415.13,17175.21,-985.14,53.08,-1038.22,-6.044875142720235,413244.81000000006,1:2,Fail,N/A
1223,612,BUY (ENTRY),2026-05-19,HCLTECH.NS,Weekly,1139.3,32,1150.65,36820.8,0.0,0.0,0.0,0.0,365809.53,1:2,OPEN,N/A
1224,611,SELL (EXIT),2026-06-01,OBCL.NS,Monthly,51.66,188,51.15,10614.48,-998.28,38.49,-1036.77,-9.767506274447737,412208.04000000004,1:2,Fail,N/A
1225,612,SELL (EXIT),2026-06-01,HCLTECH.NS,Weekly,1139.3,32,1211.39,36820.8,1943.68,99.78,1843.9,5.007767348889757,414051.94000000006,1:2,Success,N/A
1226,613,BUY (ENTRY),2026-06-01,LAL.NS,Weekly,6.66,3400,7.2,24480.0,0.0,0.0,0.0,0.0,389571.94000000006,1:2,OPEN,N/A
1227,613,SELL (EXIT),2026-06-02,LAL.NS,Weekly,6.66,3400,7.79,24480.0,2006.0,72.41,1933.59,7.898651960784313,415985.5300000001,1:2,Success,N/A
1228,614,BUY (ENTRY),2026-06-02,KSR.NS,Weekly,32.16,338,33.58,11350.039999999999,0.0,0.0,0.0,0.0,404635.4900000001,1:2,OPEN,N/A
1229,615,BUY (ENTRY),2026-06-02,KSR.NS,Weekly,31.47,338,33.58,11350.039999999999,0.0,0.0,0.0,0.0,393285.45000000007,1:2,OPEN,N/A
1230,614,SELL (EXIT),2026-06-12,KSR.NS,Weekly,32.16,338,30.63,11350.039999999999,-997.1,40.12,-1037.22,-9.138469996581511,414948.3100000001,1:2,Fail,N/A
1231,615,SELL (EXIT),2026-06-12,KSR.NS,Weekly,31.47,338,30.63,11350.039999999999,-997.1,40.12,-1037.22,-9.138469996581511,413911.09000000014,1:2,Fail,N/A
1232,616,BUY (ENTRY),2026-06-12,TCS.NS,Weekly,2125.1,20,2156.75,43135.0,0.0,0.0,0.0,0.0,370776.09000000014,1:2,OPEN,N/A
1233,617,BUY (ENTRY),2026-06-12,TITAN.NS,Weekly,3985.1,8,4073.77,32590.16,0.0,0.0,0.0,0.0,338185.93000000017,1:2,OPEN,N/A
1234,617,SELL (EXIT),2026-06-16,TITAN.NS,Weekly,3985.1,8,4303.63,32590.16,1838.88,90.27,1748.61,5.365453867056805,415659.7000000001,1:2,Success,N/A
1235,618,BUY (ENTRY),2026-06-16,RAJESHEXPO.NS,Monthly,74.5,128,80.31,10279.68,0.0,0.0,0.0,0.0,362245.02000000014,1:2,OPEN,N/A
1236,616,SELL (EXIT),2026-06-19,TCS.NS,Weekly,2125.1,20,2107.89,43135.0,-977.2,110.78,-1087.98,-2.522267300336154,414571.72000000015,1:2,Fail,N/A
1237,618,SELL (EXIT),2026-06-19,RAJESHEXPO.NS,Monthly,74.5,128,95.82,10279.68,1985.28,40.83,1944.45,18.91547207695181,416516.17000000016,1:2,Success,N/A
1238,619,BUY (ENTRY),2026-06-19,BANG.NS,Weekly,35.56,730,30.42,22206.600000000002,0.0,0.0,0.0,0.0,394309.5700000002,1:2,OPEN,N/A
1239,620,BUY (ENTRY),2026-06-22,TATAELXSI.NS,Weekly,3945.0,5,4099.09,20495.45,0.0,0.0,0.0,0.0,373814.12000000017,1:2,OPEN,N/A
1240,619,SELL (EXIT),2026-06-30,BANG.NS,Weekly,35.56,730,33.16,22206.600000000002,2000.2,67.36,1932.84,8.703898840885142,418449.0100000002,1:2,Success,N/A
1241,621,BUY (ENTRY),2026-06-24,DANGEE.NS,Weekly,3.06,9414,3.16,29748.24,0.0,0.0,0.0,0.0,368205.3200000002,1:2,OPEN,N/A
1242,621,SELL (EXIT),2026-06-29,DANGEE.NS,Weekly,3.06,9414,3.38,29748.24,2071.08,84.19,1986.89,6.679016977138816,420435.9000000002,1:2,Success,N/A
1243,622,BUY (ENTRY),2026-06-29,SAIL.NS,Weekly,175.16,107,174.49,18670.43,0.0,0.0,0.0,0.0,381270.0200000002,1:2,OPEN,N/A
1244,620,SELL (EXIT),2026-07-07,TATAELXSI.NS,Weekly,3945.0,5,3922.17,20495.45,-884.6,60.56,-945.16,-4.611560126759842,419490.7400000002,1:2,Fail,N/A
1245,623,BUY (ENTRY),2026-06-30,CSBBANK.NS,Weekly,340.0,67,331.88,22235.96,0.0,0.0,0.0,0.0,378584.3500000002,1:2,OPEN,N/A
1246,622,SELL (EXIT),2026-07-10,SAIL.NS,Weekly,175.16,107,165.19,18670.43,-995.1,56.39,-1051.49,-5.631846722330444,418439.25000000023,1:2,Fail,N/A
1247,624,BUY (ENTRY),2026-07-07,RSYSTEMS.NS,Weekly,218.0,70,227.48,15923.599999999999,0.0,0.0,0.0,0.0,380279.69000000024,1:2,OPEN,N/A
1248,623,SELL (EXIT),2026-07-14,CSBBANK.NS,Weekly,340.0,67,361.58,22235.96,1989.9,67.41,1922.49,8.645860129268087,420361.7400000002,1:2,Success,N/A
1249,625,BUY (ENTRY),2026-07-10,BANKBARODA.NS,Monthly,241.0,152,246.45,37460.4,0.0,0.0,0.0,0.0,366977.7400000002,1:2,OPEN,N/A
1250,624,SELL (EXIT),2026-07-24,RSYSTEMS.NS,Weekly,218.0,70,255.82,15923.599999999999,1983.8,53.38,1930.42,12.123012384134242,422292.1600000002,1:2,Success,N/A
1251,626,BUY (ENTRY),2026-07-14,ASIANTILES.NS,Monthly,55.0,1079,48.7,52547.3,0.0,0.0,0.0,0.0,332284.4600000002,1:2,OPEN,N/A
1252,626,SELL (EXIT),2026-07-16,ASIANTILES.NS,Monthly,55.0,1079,47.77,52547.3,-1003.47,131.67,-1135.14,-2.160225168562419,421157.0200000002,1:2,Fail,N/A
1253,627,BUY (ENTRY),2026-07-16,DMART.NS,Weekly,3955.0,15,3945.74,59186.1,0.0,0.0,0.0,0.0,324510.5200000002,1:2,OPEN,N/A
1254,627,SELL (EXIT),2026-07-23,DMART.NS,Weekly,3955.0,15,4071.6,59186.1,1887.9,149.42,1738.48,2.9373112943748616,422895.5000000002,1:2,Success,N/A
1255,628,BUY (ENTRY),2026-07-23,SVPGLOB.NS,Weekly,3.66,2961,3.98,11784.78,0.0,0.0,0.0,0.0,373650.3200000002,1:2,OPEN,N/A
1256,625,SELL (EXIT),2026-07-28,BANKBARODA.NS,Monthly,241.0,152,239.91,37460.4,-994.08,98.15,-1092.23,-2.915692304406787,421803.2700000002,1:2,Fail,N/A
1257,629,BUY (ENTRY),2026-07-24,ASALCBR.NS,Weekly,793.05,24,814.76,19554.239999999998,0.0,0.0,0.0,0.0,390464.2500000002,1:2,OPEN,N/A
1258,629,SELL (EXIT),2026-07-27,ASALCBR.NS,Weekly,793.05,24,774.22,19554.239999999998,-972.96,58.38,-1031.34,-5.274252540625461,420771.93000000017,1:2,Fail,N/A
1259,630,BUY (ENTRY),2026-07-27,JUBLFOOD.NS,Monthly,408.8,81,420.42,34054.020000000004,0.0,0.0,0.0,0.0,374933.1300000002,1:2,OPEN,N/A
1260,628,SELL (EXIT),2026-08-03,SVPGLOB.NS,Weekly,3.66,2961,3.65,11784.78,-977.13,41.11,-1018.24,-8.640297061124603,419753.6900000002,1:2,Fail,N/A
1261,631,BUY (ENTRY),2026-07-28,TATAINVEST.NS,Weekly,633.9,54,651.65,35189.1,0.0,0.0,0.0,0.0,350510.5700000002,1:2,OPEN,N/A
1262,631,SELL (EXIT),2026-07-29,TATAINVEST.NS,Weekly,633.9,54,688.22,35189.1,1974.78,96.18,1878.6,5.338584959547132,421632.29000000015,1:2,Success,N/A
1263,632,BUY (ENTRY),2026-07-29,HMAAGRO.NS,Monthly,21.25,1443,21.77,31414.11,0.0,0.0,0.0,0.0,356164.16000000015,1:2,OPEN,N/A
1264,632,SELL (EXIT),2026-07-30,HMAAGRO.NS,Monthly,21.25,1443,21.08,31414.11,-995.67,84.71,-1080.38,-3.439155207643954,420551.91000000015,1:2,Fail,N/A
1265,633,BUY (ENTRY),2026-07-30,CIFL.NS,Monthly,20.42,1447,20.71,29967.370000000003,0.0,0.0,0.0,0.0,356530.52000000014,1:2,OPEN,N/A
1266,630,SELL (EXIT),2026-08-03,JUBLFOOD.NS,Monthly,408.8,81,444.98,34054.020000000004,1989.36,93.67,1895.69,5.566714296873027,422447.60000000015,1:2,Success,N/A
1267,633,SELL (EXIT),2026-08-03,CIFL.NS,Monthly,20.42,1447,22.09,29967.370000000003,1996.86,84.6,1912.26,6.381140553875765,424359.86000000016,1:2,Success,N/A
1268,634,BUY (ENTRY),2026-08-03,BEL.NS,Weekly,399.0,156,390.99,60994.44,0.0,0.0,0.0,0.0,363365.42000000016,1:2,OPEN,N/A
1269,635,BUY (ENTRY),2026-08-03,BEL.NS,Weekly,397.0,156,390.99,60994.44,0.0,0.0,0.0,0.0,302370.98000000016,1:2,OPEN,N/A
1270,634,SELL (EXIT),2026-08-10,BEL.NS,Weekly,399.0,156,403.74,60994.44,1989.0,153.55,1835.45,3.0092087082035675,426195.3100000002,1:2,Success,N/A
1271,635,SELL (EXIT),2026-08-10,BEL.NS,Weekly,397.0,156,403.74,60994.44,1989.0,153.55,1835.45,3.0092087082035675,428030.7600000002,1:2,Success,N/A
1272,636,BUY (ENTRY),2026-08-10,IVC.NS,Weekly,8.0,6012,8.25,49599.0,0.0,0.0,0.0,0.0,378431.7600000002,1:2,OPEN,N/A
1273,637,BUY (ENTRY),2026-08-10,RSSOFTWARE.NS,Weekly,30.25,944,30.03,28348.32,0.0,0.0,0.0,0.0,350083.4400000002,1:2,OPEN,N/A
1274,636,SELL (EXIT),2026-08-12,IVC.NS,Weekly,8.0,6012,8.58,49599.0,1983.96,128.22,1855.74,3.7414867235226517,429886.5000000002,1:2,Success,N/A
1275,637,SELL (EXIT),2026-08-12,RSSOFTWARE.NS,Weekly,30.25,944,32.15,28348.32,2001.28,81.01,1920.27,6.7738405662134475,431806.7700000002,1:2,Success,N/A
1276,638,BUY (ENTRY),2026-08-12,LCCINFOTEC.NS,Monthly,3.7,2878,3.85,11080.300000000001,0.0,0.0,0.0,0.0,420726.4700000002,1:2,OPEN,N/A
1277,639,BUY (ENTRY),2026-08-12,LCCINFOTEC.NS,Monthly,3.64,2878,3.85,11080.300000000001,0.0,0.0,0.0,0.0,409646.1700000002,1:2,OPEN,N/A
1278,638,SELL (EXIT),2026-08-18,LCCINFOTEC.NS,Monthly,3.7,2878,3.51,11080.300000000001,-978.52,39.54,-1018.06,-9.188018374953746,430788.7100000002,1:2,Fail,N/A
1279,639,SELL (EXIT),2026-08-18,LCCINFOTEC.NS,Monthly,3.64,2878,3.51,11080.300000000001,-978.52,39.54,-1018.06,-9.188018374953746,429770.6500000002,1:2,Fail,N/A
1280,640,BUY (ENTRY),2026-08-18,RUBFILA.NS,Weekly,68.01,346,68.47,23690.62,0.0,0.0,0.0,0.0,406080.0300000002,1:2,OPEN,N/A
1281,641,BUY (ENTRY),2026-08-18,RAJMET.NS,Weekly,3.1,7332,3.25,23829.0,0.0,0.0,0.0,0.0,382251.0300000002,1:2,OPEN,N/A
1282,641,SELL (EXIT),2026-08-21,RAJMET.NS,Weekly,3.1,7332,3.53,23829.0,2052.96,71.02,1981.94,8.317344412270762,431752.5900000002,1:2,Success,N/A
1283,642,BUY (ENTRY),2026-08-21,HITECH.NS,Weekly,82.59,655,78.33,51306.15,0.0,0.0,0.0,0.0,356755.8200000002,1:2,OPEN,N/A
1284,640,SELL (EXIT),2026-08-24,RUBFILA.NS,Weekly,68.01,346,65.58,23690.62,-999.94,67.55,-1067.49,-4.505960586932719,430685.1000000002,1:2,Fail,N/A
1285,642,SELL (EXIT),2026-08-24,HITECH.NS,Weekly,82.59,655,81.38,51306.15,1997.75,132.03,1865.72,3.636445143515933,432550.8200000002,1:2,Success,N/A
1286,643,BUY (ENTRY),2026-08-24,VOLTAS.NS,Weekly,1247.0,53,1237.54,65589.62,0.0,0.0,0.0,0.0,366961.2000000002,1:2,OPEN,N/A
1287,644,BUY (ENTRY),2026-08-24,BELLACASA.NS,Weekly,225.0,89,229.23,20401.469999999998,0.0,0.0,0.0,0.0,346559.7300000002,1:2,OPEN,N/A
1288,644,SELL (EXIT),2026-08-25,BELLACASA.NS,Weekly,225.0,89,218.08,20401.469999999998,-992.35,60.24,-1052.59,-5.159383122882812,431498.23000000016,1:2,Fail,N/A
1289,645,BUY (ENTRY),2026-08-25,HINDPETRO.NS,Weekly,372.05,110,372.97,41026.700000000004,0.0,0.0,0.0,0.0,324881.91000000015,1:2,OPEN,N/A
1290,643,SELL (EXIT),2026-08-28,VOLTAS.NS,Weekly,1247.0,53,1218.78,65589.62,-994.28,160.67,-1154.95,-1.7608731381581417,430343.28000000014,1:2,Fail,N/A
1291,646,BUY (ENTRY),2026-08-26,TORNTPOWER.NS,Monthly,1285.0,56,1250.55,70030.8,0.0,0.0,0.0,0.0,319285.78000000014,1:2,OPEN,N/A
1292,646,SELL (EXIT),2026-08-27,TORNTPOWER.NS,Monthly,1285.0,56,1232.77,70030.8,-995.68,170.54,-1166.22,-1.6652958412584178,429177.0600000002,1:2,Fail,N/A
1293,647,BUY (ENTRY),2026-08-27,BOMDYEING.NS,Weekly,117.9,636,111.77,71085.72,0.0,0.0,0.0,0.0,317064.64000000013,1:2,OPEN,N/A
1294,645,SELL (EXIT),2026-08-28,HINDPETRO.NS,Weekly,372.05,110,363.94,41026.700000000004,-993.3,106.08,-1099.38,-2.6796695810289397,428077.68000000017,1:2,Fail,N/A
1295,647,SELL (EXIT),2026-08-28,BOMDYEING.NS,Weekly,117.9,636,114.92,71085.72,2003.4,175.99,1827.41,2.570713217788327,429905.09000000014,1:2,Success,N/A
